ts,run_id,mode,heavy_c,cut_threads,classify_threads,video_id,stage,wall_s
1782917596.4329352,,v1,2,2,4,2,transcribe,15.0607
1782917596.4335651,,v1,2,2,4,2,segment,0.0
1782917597.8606853,,v1,2,2,4,2,cut,1.4234
1782917600.2577713,,v1,2,2,4,2,classify,2.3964
1782917605.353466,,v1,2,2,4,3,transcribe,4.6188
1782917605.354679,,v1,2,2,4,3,segment,0.0
1782917606.9682255,,v1,2,2,4,3,cut,1.6085
1782917608.0668929,,v1,2,2,4,3,classify,2.679
1782917619.255511,,v1,2,2,4,4,transcribe,10.1407
1782917619.3044138,,v1,2,2,4,4,segment,0.0
1782917621.3080945,,v1,2,2,4,4,cut,1.9977
1782917624.0139751,,v1,2,2,4,4,classify,2.7026
1782917624.8365881,,v1,2,2,4,5,transcribe,15.7158
1782917624.8371313,,v1,2,2,4,5,segment,0.0
1782917626.3636405,,v1,2,2,4,5,cut,1.5238
1782917628.5204847,,v1,2,2,4,5,classify,2.156
1782917647.740019,,v1,2,2,4,6,transcribe,18.175
1782917647.7404692,,v1,2,2,4,6,segment,0.0
1782917649.744724,,v1,2,2,4,7,transcribe,20.1839
1782917649.7470493,,v1,2,2,4,7,segment,0.0
1782917649.75677,,v1,2,2,4,6,cut,2.0072
1782917649.9368403,,v1,2,2,4,6,classify,2.182
1782917651.2619112,,v1,2,2,4,7,cut,1.5071
1782917652.0728211,,v1,2,2,4,7,classify,2.2977
1782917670.3105206,,v1,2,2,4,8,transcribe,17.3719
1782917670.3200696,,v1,2,2,4,8,segment,0.0
1782917672.362195,,v1,2,2,4,8,cut,2.0337
1782917672.7423303,,v1,2,2,4,9,transcribe,19.8028
1782917672.7430105,,v1,2,2,4,9,segment,0.0
1782917674.1205678,,v1,2,2,4,8,classify,1.7574
1782917674.311797,,v1,2,2,4,9,cut,1.5666
1782917676.1474686,,v1,2,2,4,9,classify,1.8346
1782917684.9408255,,v1,2,2,4,10,transcribe,10.7253
1782917684.9498465,,v1,2,2,4,10,segment,0.0
1782917687.0125887,,v1,2,2,4,10,cut,2.0575
1782917688.5185292,,v1,2,2,4,10,classify,1.5042
1782917697.538581,,v1,2,2,4,11,transcribe,21.2914
1782917697.5472398,,v1,2,2,4,11,segment,0.0
1782917701.4637809,,v1,2,2,4,11,cut,3.9056
1782917702.2602296,,v1,2,2,4,12,transcribe,13.6156
1782917702.260695,,v1,2,2,4,12,segment,0.0
1782917704.0713344,,v1,2,2,4,12,cut,1.5471
1782917704.077401,,v1,2,2,4,12,classify,0.0051
1782917704.173146,,v1,2,2,4,11,classify,2.707
1782917722.6281638,,v1,2,2,4,13,transcribe,17.1895
1782917722.6296763,,v1,2,2,4,13,segment,0.0
1782917724.8060184,,v1,2,2,4,13,cut,2.1705
1782917725.0612752,,v1,2,2,4,13,classify,2.4157
1782917725.126974,,v1,2,2,4,14,transcribe,19.6893
1782917725.1304996,,v1,2,2,4,14,segment,0.0
1782917726.5954154,,v1,2,2,4,14,classify,1.4524
1782917727.1044438,,v1,2,2,4,14,cut,1.9689
1782917739.3608758,,v1,2,2,4,15,transcribe,14.4972
1782917739.4064078,,v1,2,2,4,15,segment,0.0
1782917741.1385677,,v1,2,2,4,15,classify,1.7218
1782917741.3114958,,v1,2,2,4,15,cut,1.8995
1782917752.5420198,,v1,2,2,4,17,transcribe,11.1226
1782917752.5481555,,v1,2,2,4,17,segment,0.0
1782917752.6254268,,v1,2,2,4,17,classify,0.0132
1782917755.4071784,,v1,2,2,4,17,cut,2.8013
1782917755.4320843,,v1,2,2,4,16,transcribe,28.2237
1782917755.4326496,,v1,2,2,4,16,segment,0.0
1782917757.2938683,,v1,2,2,4,16,classify,1.8525
1782917758.3604155,,v1,2,2,4,16,cut,2.9235
1782917778.3291695,,v1,2,2,4,18,transcribe,19.4956
1782917778.3320885,,v1,2,2,4,18,segment,0.0
1782917780.4275346,,v1,2,2,4,19,transcribe,21.5938
1782917780.4281693,,v1,2,2,4,19,segment,0.0
1782917780.4601088,,v1,2,2,4,18,cut,2.121
1782917781.9615505,,v1,2,2,4,19,cut,1.5304
1782917783.850696,,v1,2,2,4,19,classify,1.8878
1782917787.8354912,,v1,2,2,4,18,classify,7.3737
1782917790.6315136,,v1,2,2,4,20,transcribe,6.7066
1782917790.63553,,v1,2,2,4,20,segment,0.0
1782917792.614312,,v1,2,2,4,20,cut,1.9741
1782917795.3154333,,v1,2,2,4,20,classify,2.696
1782917805.7441401,,v1,2,2,4,21,transcribe,17.8006
1782917805.7447872,,v1,2,2,4,21,segment,0.0
1782917809.562506,,v1,2,2,4,21,cut,3.8155
1782917810.0660954,,v1,2,2,4,22,transcribe,14.6203
1782917810.0666149,,v1,2,2,4,22,segment,0.0
1782917811.5652807,,v1,2,2,4,22,cut,1.497
1782917811.5704887,,v1,2,2,4,22,classify,0.0045
1782917811.7057087,,v1,2,2,4,21,classify,2.1422
1782917830.637251,,v1,2,2,4,23,transcribe,19.001
1782917830.6436048,,v1,2,2,4,23,segment,0.0
1782917832.6625202,,v1,2,2,4,23,cut,2.0128
1782917832.8197997,,v1,2,2,4,24,transcribe,21.0695
1782917832.820533,,v1,2,2,4,24,segment,0.0
1782917834.2615883,,v1,2,2,4,23,classify,1.5979
1782917834.3597636,,v1,2,2,4,24,cut,1.5366
1782917837.017301,,v1,2,2,4,24,classify,2.6568
1782917844.219013,,v1,2,2,4,25,transcribe,9.8703
1782917844.2198155,,v1,2,2,4,25,segment,0.0
1782917846.2060409,,v1,2,2,4,25,cut,1.9843
1782917848.144504,,v1,2,2,4,25,classify,1.9367
1782917857.7361352,,v1,2,2,4,26,transcribe,20.6017
1782917857.7370598,,v1,2,2,4,26,segment,0.0
1782917861.6104646,,v1,2,2,4,26,cut,3.871
1782917862.2530286,,v1,2,2,4,27,transcribe,13.9385
1782917862.2536304,,v1,2,2,4,27,segment,0.0
1782917863.7197587,,v1,2,2,4,26,classify,2.1053
1782917863.7624497,,v1,2,2,4,27,cut,1.5072
1782917863.7677166,,v1,2,2,4,27,classify,0.0046
1782917882.1460745,,v1,2,2,4,28,transcribe,17.811
1782917882.1501734,,v1,2,2,4,28,segment,0.0
1782917883.9733348,,v1,2,2,4,28,classify,1.809
1782917884.4652197,,v1,2,2,4,28,cut,2.312
1782917884.7215993,,v1,2,2,4,29,transcribe,20.3862
1782917884.7222486,,v1,2,2,4,29,segment,0.0
1782917886.0666714,,v1,2,2,4,29,classify,1.3342
1782917886.8196692,,v1,2,2,4,29,cut,2.0921
1782917899.2211893,,v1,2,2,4,30,transcribe,14.6076
1782917899.2288382,,v1,2,2,4,30,segment,0.0
1782917901.1926055,,v1,2,2,4,30,classify,1.9422
1782917901.31589,,v1,2,2,4,30,cut,2.0734
1782917912.1289442,,v1,2,2,4,31,transcribe,25.1851
1782917912.1294591,,v1,2,2,4,31,segment,0.0
1782917915.8664932,,v1,2,2,4,31,cut,3.724
1782917916.7348266,,v1,2,2,4,32,transcribe,15.3294
1782917916.7352295,,v1,2,2,4,32,segment,0.0
1782917916.7673414,,v1,2,2,4,32,classify,0.01
1782917917.5633276,,v1,2,2,4,31,classify,5.4151
1782917919.0105534,,v1,2,2,4,32,cut,2.2725
1782917933.5464044,,v1,2,2,4,33,transcribe,17.58
1782917933.5534818,,v1,2,2,4,33,segment,0.0
1782917935.3364565,,v1,2,2,4,33,classify,1.7702
1782917935.5654638,,v1,2,2,4,33,cut,2.0024
1782917938.713213,,v1,2,2,4,34,transcribe,19.5925
1782917938.7146814,,v1,2,2,4,34,segment,0.0
1782917940.7284667,,v1,2,2,4,34,cut,2.0092
1782917941.114463,,v1,2,2,4,34,classify,2.3876
1782917951.143022,,v1,2,2,4,35,transcribe,15.4244
1782917951.145385,,v1,2,2,4,35,segment,0.0
1782917952.688045,,v1,2,2,4,35,classify,1.5347
1782917953.1159797,,v1,2,2,4,35,cut,1.9665
1782917963.8358421,,v1,2,2,4,37,transcribe,10.6249
1782917963.8403294,,v1,2,2,4,37,segment,0.0
1782917963.8564744,,v1,2,2,4,37,classify,0.0062
1782917966.667645,,v1,2,2,4,37,cut,2.8232
1782917967.4279547,,v1,2,2,4,36,transcribe,26.5894
1782917967.4284983,,v1,2,2,4,36,segment,0.0
1782917969.3790236,,v1,2,2,4,36,classify,1.9431
1782917970.375522,,v1,2,2,4,36,cut,2.9442
1782917989.0616446,,v1,2,2,4,38,transcribe,18.2231
1782917989.0647602,,v1,2,2,4,38,segment,0.0
1782917991.2024653,,v1,2,2,4,38,cut,2.0788
1782917991.624603,,v1,2,2,4,39,transcribe,20.7859
1782917991.6255248,,v1,2,2,4,39,segment,0.0
1782917993.1783993,,v1,2,2,4,39,cut,1.5494
1782917993.2013965,,v1,2,2,4,38,classify,1.9967
1782917995.6225069,,v1,2,2,4,39,classify,2.443
1782918003.328823,,v1,2,2,4,40,transcribe,10.0729
1782918003.3364792,,v1,2,2,4,40,segment,0.0
1782918005.4195404,,v1,2,2,4,40,cut,2.0811
1782918007.5134418,,v1,2,2,4,40,classify,2.0879
1782918016.6263502,,v1,2,2,4,41,transcribe,20.8933
1782918016.630522,,v1,2,2,4,41,segment,0.0
1782918020.3593357,,v1,2,2,4,41,cut,3.7259
1782918021.0506685,,v1,2,2,4,42,transcribe,13.4257
1782918021.051267,,v1,2,2,4,42,segment,0.0
1782918022.2180607,,v1,2,2,4,41,classify,1.8549
1782918022.7658741,,v1,2,2,4,42,cut,1.7121
1782918022.7714834,,v1,2,2,4,42,classify,0.0048
1782918038.7239325,,v1,2,2,4,43,transcribe,16.4069
1782918038.72939,,v1,2,2,4,43,segment,0.0
1782918040.7671196,,v1,2,2,4,43,cut,2.0321
1782918041.2489157,,v1,2,2,4,44,transcribe,18.4284
1782918041.2495763,,v1,2,2,4,44,segment,0.0
1782918042.7027187,,v1,2,2,4,43,classify,1.935
1782918042.76686,,v1,2,2,4,44,cut,1.5151
1782918045.048279,,v1,2,2,4,44,classify,2.2808
1782918052.6342645,,v1,2,2,4,45,transcribe,9.8704
1782918052.644061,,v1,2,2,4,45,segment,0.0
1782918054.6205387,,v1,2,2,4,45,cut,1.9697
1782918056.6144772,,v1,2,2,4,45,classify,1.993
1782918068.047234,,v1,2,2,4,46,transcribe,22.8991
1782918068.0507,,v1,2,2,4,46,segment,0.0
1782918071.3088233,,v1,2,2,4,47,transcribe,14.573
1782918071.3100252,,v1,2,2,4,47,segment,0.0
1782918072.3624945,,v1,2,2,4,46,cut,4.3068
1782918073.4688077,,v1,2,2,4,47,cut,2.1552
1782918073.4745681,,v1,2,2,4,47,classify,0.0049
1782918075.0504096,,v1,2,2,4,46,classify,2.6371
1782918083.0679033,,v1,2,2,4,48,transcribe,9.5487
1782918083.068773,,v1,2,2,4,48,segment,0.0
1782918085.1146386,,v1,2,2,4,48,cut,1.9972
1782918087.129504,,v1,2,2,4,48,classify,2.014
1782918090.2224903,,v1,2,2,4,49,transcribe,15.0815
1782918090.226172,,v1,2,2,4,49,segment,0.0
1782918092.209521,,v1,2,2,4,49,cut,1.9773
1782918094.1265082,,v1,2,2,4,49,classify,1.9161
1782918099.1249793,,v1,2,2,4,50,transcribe,11.8917
1782918099.1280963,,v1,2,2,4,50,segment,0.0
1782918101.110965,,v1,2,2,4,50,cut,1.9755
1782918103.0155132,,v1,2,2,4,50,classify,1.8973
1782918112.4273431,,v1,2,2,4,51,transcribe,18.2144
1782918112.434268,,v1,2,2,4,51,segment,0.0
1782918116.409866,,v1,2,2,4,51,cut,3.9692
1782918117.111469,,v1,2,2,4,52,transcribe,13.9748
1782918117.1121788,,v1,2,2,4,52,segment,0.0
1782918118.5635445,,v1,2,2,4,51,classify,2.1483
1782918118.6657498,,v1,2,2,4,52,cut,1.5515
1782918118.670933,,v1,2,2,4,52,classify,0.0044
1782918137.748862,,v1,2,2,4,53,transcribe,19.0943
1782918137.75251,,v1,2,2,4,53,segment,0.0
1782918139.8690898,,v1,2,2,4,53,cut,2.1073
1782918139.9535668,,v1,2,2,4,54,transcribe,21.2365
1782918139.954185,,v1,2,2,4,54,segment,0.0
1782918141.4688134,,v1,2,2,4,54,cut,1.5127
1782918142.2362223,,v1,2,2,4,53,classify,2.327
1782918145.9213476,,v1,2,2,4,54,classify,4.4517
1782918151.1500895,,v1,2,2,4,55,transcribe,8.8412
1782918151.1554596,,v1,2,2,4,55,segment,0.0
1782918153.1144986,,v1,2,2,4,55,cut,1.9491
1782918154.8204198,,v1,2,2,4,55,classify,1.7029
1782918166.0552897,,v1,2,2,4,56,transcribe,20.0223
1782918166.1109881,,v1,2,2,4,56,segment,0.0
1782918169.8618376,,v1,2,2,4,56,cut,3.7463
1782918170.422104,,v1,2,2,4,57,transcribe,15.5016
1782918170.422741,,v1,2,2,4,57,segment,0.0
1782918171.9150443,,v1,2,2,4,56,classify,2.0514
1782918171.9737623,,v1,2,2,4,57,cut,1.549
1782918171.9804785,,v1,2,2,4,57,classify,0.006
1782918190.6555886,,v1,2,2,4,58,transcribe,18.0619
1782918190.7109563,,v1,2,2,4,58,segment,0.0
1782918193.354615,,v1,2,2,4,59,transcribe,20.7608
1782918193.4686716,,v1,2,2,4,59,segment,0.0001
1782918193.5798802,,v1,2,2,4,58,cut,2.8558
1782918193.7346404,,v1,2,2,4,58,classify,2.994
1782918195.246553,,v1,2,2,4,59,classify,1.7166
1782918195.7216885,,v1,2,2,4,59,cut,2.2189
1782918727.4276998,,v1,2,2,4,60,transcribe,18.4446
1782918727.4317434,,v1,2,2,4,60,segment,0.0
1782918729.0713341,,v1,2,2,4,60,classify,1.6098
1782918729.3885176,,v1,2,2,4,60,cut,1.9444
1782918741.2589283,,v1,2,2,4,61,transcribe,30.2113
1782918741.2626665,,v1,2,2,4,61,segment,0.0
1782918743.183513,,v1,2,2,4,61,classify,1.9011
1782918745.1285424,,v1,2,2,4,61,cut,3.8547
1782918745.9426582,,v1,2,2,4,62,transcribe,16.4706
1782918745.9442775,,v1,2,2,4,62,segment,0.0
1782918745.956148,,v1,2,2,4,62,classify,0.0053
1782918748.1429477,,v1,2,2,4,62,cut,2.1964
1782918765.252338,,v1,2,2,4,63,transcribe,20.0116
1782918765.2552145,,v1,2,2,4,63,segment,0.0
1782918766.961824,,v1,2,2,4,63,classify,1.689
1782918767.5286036,,v1,2,2,4,63,cut,2.2648
1782918769.1637218,,v1,2,2,4,64,transcribe,20.915
1782918769.1643245,,v1,2,2,4,64,segment,0.0
1782918771.1283607,,v1,2,2,4,64,cut,1.961
1782918771.7029433,,v1,2,2,4,64,classify,2.5309
1782918782.4556327,,v1,2,2,4,65,transcribe,14.8764
1782918782.4578903,,v1,2,2,4,65,segment,0.0
1782918784.3313267,,v1,2,2,4,65,classify,1.865
1782918784.5285013,,v1,2,2,4,65,cut,2.0666
1782918796.6426525,,v1,2,2,4,66,transcribe,25.4617
1782918796.6432383,,v1,2,2,4,66,segment,0.0
1782918798.878537,,v1,2,2,4,67,transcribe,14.2446
1782918798.878987,,v1,2,2,4,67,segment,0.0
1782918798.9040802,,v1,2,2,4,67,classify,0.0108
1782918800.4199915,,v1,2,2,4,66,classify,3.7661
1782918801.4250648,,v1,2,2,4,66,cut,4.777
1782918802.2250278,,v1,2,2,4,67,cut,3.3421
1782918820.5278673,,v1,2,2,4,68,transcribe,18.9807
1782918820.529096,,v1,2,2,4,68,segment,0.0
1782918822.396038,,v1,2,2,4,68,classify,1.8334
1782918822.6862986,,v1,2,2,4,68,cut,2.1512
1782918823.7474399,,v1,2,2,4,69,transcribe,21.4136
1782918823.7486596,,v1,2,2,4,69,segment,0.0001
1782918825.908006,,v1,2,2,4,69,classify,2.14
1782918826.0279264,,v1,2,2,4,69,cut,2.2666
1782918838.137389,,v1,2,2,4,70,transcribe,15.281
1782918838.1405938,,v1,2,2,4,70,segment,0.0
1782918840.0349505,,v1,2,2,4,70,cut,1.8913
1782918840.7367494,,v1,2,2,4,70,classify,2.588
1782918851.282513,,v1,2,2,4,71,transcribe,25.1516
1782918851.283111,,v1,2,2,4,71,segment,0.0
1782918853.88846,,v1,2,2,4,71,classify,2.5983
1782918854.836472,,v1,2,2,4,72,transcribe,14.6989
1782918854.8382301,,v1,2,2,4,72,segment,0.0
1782918854.854552,,v1,2,2,4,72,classify,0.0076
1782918855.5804574,,v1,2,2,4,71,cut,4.2946
1782918857.43085,,v1,2,2,4,72,cut,2.5885
1782918873.7531474,,v1,2,2,4,73,transcribe,18.0835
1782918873.7623603,,v1,2,2,4,73,segment,0.0
1782918875.6904397,,v1,2,2,4,73,classify,1.9155
1782918875.9329903,,v1,2,2,4,73,cut,2.166
1782918878.1753168,,v1,2,2,4,74,transcribe,20.6354
1782918878.1764574,,v1,2,2,4,74,segment,0.0
1782918880.1178298,,v1,2,2,4,74,classify,1.933
1782918880.1271076,,v1,2,2,4,74,cut,1.9465
1782918890.2681317,,v1,2,2,4,75,transcribe,14.2294
1782918890.2713344,,v1,2,2,4,75,segment,0.0
1782918892.2845962,,v1,2,2,4,75,classify,2.0024
1782918892.3309345,,v1,2,2,4,75,cut,2.0072
1782918906.9438384,,v1,2,2,4,76,transcribe,26.7067
1782918906.9457204,,v1,2,2,4,76,segment,0.0
1782918909.3699229,,v1,2,2,4,77,transcribe,16.917
1782918909.3732564,,v1,2,2,4,77,segment,0.0
1782918909.4706304,,v1,2,2,4,77,classify,0.017
1782918909.4875638,,v1,2,2,4,76,classify,2.5086
1782918911.8301356,,v1,2,2,4,76,cut,4.8718
1782918912.391082,,v1,2,2,4,77,cut,2.9577
1782925979.2517033,,v1,2,2,4,78,transcribe,16.6826
1782925979.2553618,,v1,2,2,4,78,segment,0.0
1782925979.305519,,v1,2,2,4,78,classify,0.0101
1782925980.495233,,v1,2,2,4,78,cut,1.4399
1782925984.764125,,v1,2,2,4,79,transcribe,4.2225
1782925984.764604,,v1,2,2,4,79,segment,0.0
1782925984.78278,,v1,2,2,4,79,classify,0.0079
1782925986.2990093,,v1,2,2,4,79,cut,1.5316
1782925990.3510315,,v1,2,2,4,80,transcribe,4.2101
1782925990.3515577,,v1,2,2,4,80,segment,0.0
1782925990.3649242,,v1,2,2,4,80,classify,0.006
1782925991.8959432,,v1,2,2,4,80,cut,1.5413
1782925998.873,,v1,2,2,4,81,transcribe,6.9268
1782925998.8735588,,v1,2,2,4,81,segment,0.0
1782925998.8892365,,v1,2,2,4,81,classify,0.008
1782926001.5932055,,v1,2,2,4,81,cut,2.9091
1782926003.9547951,,v1,2,2,4,82,transcribe,2.312
1782926003.9568226,,v1,2,2,4,82,segment,0.0
1782926003.968565,,v1,2,2,4,82,classify,0.005
1782926005.5007176,,v1,2,2,4,82,cut,1.5416
1782926009.6849477,,v1,2,2,4,83,transcribe,4.1372
1782926009.685669,,v1,2,2,4,83,segment,0.0
1782926009.7049928,,v1,2,2,4,83,classify,0.0098
1782926010.986661,,v1,2,2,4,83,cut,1.5068
1782926051.4639802,,v1,2,2,4,84,transcribe,28.4584
1782926051.4728303,,v1,2,2,4,84,segment,0.0
1782926051.49495,,v1,2,2,4,84,classify,0.0065
1782926053.6375463,,v1,2,2,4,84,cut,2.1555
1782926053.8587897,,v1,2,2,4,85,transcribe,30.8532
1782926053.8593369,,v1,2,2,4,85,segment,0.0
1782926053.8777535,,v1,2,2,4,85,classify,0.0067
1782926055.9284875,,v1,2,2,4,85,cut,2.0622
1782926067.5181513,,v1,2,2,4,86,transcribe,13.9998
1782926067.5193868,,v1,2,2,4,86,segment,0.0
1782926067.5383356,,v1,2,2,4,86,classify,0.0068
1782926069.4616516,,v1,2,2,4,86,cut,1.939
1782926079.8404438,,v1,2,2,4,87,transcribe,24.2495
1782926079.8410187,,v1,2,2,4,87,segment,0.0
1782926079.9003587,,v1,2,2,4,87,classify,0.0524
1782926083.2198577,,v1,2,2,4,88,transcribe,14.0797
1782926083.2203681,,v1,2,2,4,88,segment,0.0
1782926083.2362814,,v1,2,2,4,88,classify,0.0077
1782926083.942607,,v1,2,2,4,87,cut,4.2983
1782926085.8024917,,v1,2,2,4,88,cut,2.5785
1782926089.5309546,,v1,2,2,4,89,transcribe,5.4404
1782926089.5315437,,v1,2,2,4,89,segment,0.0
1782926089.5461295,,v1,2,2,4,89,classify,0.0077
1782926091.0520172,,v1,2,2,4,89,cut,1.5179
1782926152.6791217,,v1,2,2,4,90,transcribe,50.989
1782926152.6815462,,v1,2,2,4,90,segment,0.0
1782926152.7586772,,v1,2,2,4,90,classify,0.0127
1782926155.436213,,v1,2,2,4,90,cut,2.702
1782926158.531024,,v1,2,2,4,92,transcribe,56.842
1782926158.5319855,,v1,2,2,4,92,segment,0.0
1782926158.5641162,,v1,2,2,4,92,classify,0.0093
1782926160.8237033,,v1,2,2,4,92,cut,2.4845
1782926161.0183032,,v1,2,2,4,91,transcribe,59.5463
1782926161.0190177,,v1,2,2,4,91,segment,0.0
1782926161.0419328,,v1,2,2,4,91,classify,0.0102
1782926163.4287677,,v1,2,2,4,91,cut,2.402
1782926179.9235168,,v1,2,2,4,94,transcribe,19.1943
1782926179.926125,,v1,2,2,4,94,segment,0.0
1782926179.9463112,,v1,2,2,4,94,classify,0.005
1782926183.5211964,,v1,2,2,4,94,cut,3.8058
1782926190.132435,,v1,2,2,4,95,transcribe,26.9249
1782926190.1344872,,v1,2,2,4,95,segment,0.0
1782926190.1556501,,v1,2,2,4,95,classify,0.0126
1782926191.9531474,,v1,2,2,4,95,cut,2.0215
1782926193.5406303,,v1,2,2,4,93,transcribe,38.841
1782926193.5410619,,v1,2,2,4,93,segment,0.0
1782926193.5564382,,v1,2,2,4,93,classify,0.0078
1782926196.4539907,,v1,2,2,4,93,cut,2.9097
1782926278.69904,,v1,2,2,4,96,transcribe,71.6275
1782926278.7092557,,v1,2,2,4,96,segment,0.0
1782926278.790592,,v1,2,2,4,96,classify,0.0114
1782926281.469307,,v1,2,2,4,96,cut,2.9035
1782926285.7608547,,v1,2,2,4,98,transcribe,78.8963
1782926285.7684116,,v1,2,2,4,98,segment,0.0
1782926285.8072088,,v1,2,2,4,98,classify,0.0113
1782926286.275223,,v1,2,2,4,97,transcribe,79.4096
1782926286.2791061,,v1,2,2,4,97,segment,0.0
1782926286.314267,,v1,2,2,4,97,classify,0.007
1782926289.4637513,,v1,2,2,4,98,cut,3.6742
1782926290.2691088,,v1,2,2,4,97,cut,3.9667
1782926300.8521543,,v1,2,2,4,99,transcribe,94.3907
1782926300.854195,,v1,2,2,4,99,segment,0.0
1782926300.8892052,,v1,2,2,4,99,classify,0.0162
1782926305.7512908,,v1,2,2,4,99,cut,4.8825
1782926306.290887,,v1,2,2,4,100,transcribe,25.0986
1782926306.291404,,v1,2,2,4,100,segment,0.0
1782926306.3067794,,v1,2,2,4,100,classify,0.0053
1782926309.447108,,v1,2,2,4,100,cut,3.1496
1782926310.390017,,v1,2,2,4,101,transcribe,21.4029
1782926310.390502,,v1,2,2,4,101,segment,0.0
1782926310.4057546,,v1,2,2,4,101,classify,0.0086
1782926311.9126062,,v1,2,2,4,101,cut,1.5197
1782926372.7496371,,v1,2,2,4,106,transcribe,50.4393
1782926372.75688,,v1,2,2,4,106,segment,0.0
1782926372.8611753,,v1,2,2,4,106,classify,0.0149
1782926378.0167582,,v1,2,2,4,106,cut,5.1847
1782926411.9386127,,v1,2,2,4,102,transcribe,90.445
1782926411.9960396,,v1,2,2,4,102,segment,0.0
1782926412.0447717,,v1,2,2,4,102,classify,0.0109
1782926415.7093868,,v1,2,2,4,102,cut,3.6802
1782926420.3385775,,v1,2,2,4,104,transcribe,98.8365
1782926420.1610806,,v1,2,2,4,104,segment,0.0
1782926420.2646728,,v1,2,2,4,104,classify,0.0105
1782926421.6290216,,v1,2,2,4,103,transcribe,100.3068
1782926421.638817,,v1,2,2,4,103,segment,0.0002
1782926421.7754447,,v1,2,2,4,103,classify,0.0074
1782926424.0230107,,v1,2,2,4,104,cut,3.7782
1782926425.3163004,,v1,2,2,4,103,cut,3.5546
1782926430.2238514,,v1,2,2,4,107,transcribe,52.9762
1782926430.224563,,v1,2,2,4,107,segment,0.0
1782926430.2482479,,v1,2,2,4,107,classify,0.0129
1782926432.0655792,,v1,2,2,4,107,cut,2.0415
1782926432.1413069,,v1,2,2,4,105,transcribe,111.0408
1782926432.1420314,,v1,2,2,4,105,segment,0.0
1782926432.1698906,,v1,2,2,4,105,classify,0.0091
1782926435.0595534,,v1,2,2,4,105,cut,2.9033
1782926502.9490588,,v1,2,2,4,112,transcribe,57.3329
1782926502.9497352,,v1,2,2,4,112,segment,0.0
1782926502.9851553,,v1,2,2,4,112,classify,0.0069
1782926509.0298946,,v1,2,2,4,112,cut,6.0661
1782926540.4296262,,v1,2,2,4,113,transcribe,95.5902
1782926540.4399047,,v1,2,2,4,113,segment,0.0
1782926540.5391488,,v1,2,2,4,113,classify,0.0116
1782926540.8359811,,v1,2,2,4,108,transcribe,95.9274
1782926540.8377864,,v1,2,2,4,108,segment,0.0
1782926540.9255705,,v1,2,2,4,108,classify,0.0144
1782926544.8146873,,v1,2,2,4,113,cut,4.295
1782926545.2129045,,v1,2,2,4,108,cut,4.3041
1782926549.0254917,,v1,2,2,4,110,transcribe,104.1209
1782926549.026238,,v1,2,2,4,110,segment,0.0
1782926549.0549538,,v1,2,2,4,110,classify,0.0087
1782926549.9508858,,v1,2,2,4,109,transcribe,105.1463
1782926549.9521296,,v1,2,2,4,109,segment,0.0
1782926550.0644128,,v1,2,2,4,109,classify,0.0066
1782926552.0153816,,v1,2,2,4,110,cut,3.175
1782926552.9045434,,v1,2,2,4,109,cut,3.0511
1782926553.8142948,,v1,2,2,4,111,transcribe,109.0868
1782926553.8149524,,v1,2,2,4,111,segment,0.0
1782926553.8402894,,v1,2,2,4,111,classify,0.0109
1782926556.768562,,v1,2,2,4,111,cut,2.9437
1782926590.658982,,v1,2,2,4,114,transcribe,21.6524
1782926590.664404,,v1,2,2,4,114,segment,0.0
1782926590.685624,,v1,2,2,4,114,classify,0.0088
1782926592.1800613,,v1,2,2,4,114,cut,1.5083
1782926596.4566436,,v1,2,2,4,115,transcribe,4.2277
1782926596.457171,,v1,2,2,4,115,segment,0.0
1782926596.4714437,,v1,2,2,4,115,classify,0.0065
1782926597.977965,,v1,2,2,4,115,cut,1.5175
1782926602.049185,,v1,2,2,4,116,transcribe,4.2462
1782926602.0496705,,v1,2,2,4,116,segment,0.0
1782926602.064911,,v1,2,2,4,116,classify,0.0082
1782926603.5565026,,v1,2,2,4,116,cut,1.5044
1782926610.2355998,,v1,2,2,4,117,transcribe,6.8348
1782926610.2361403,,v1,2,2,4,117,segment,0.0
1782926610.2588978,,v1,2,2,4,117,classify,0.0155
1782926613.1559381,,v1,2,2,4,117,cut,2.9164
1782926615.5298362,,v1,2,2,4,118,transcribe,2.3269
1782926615.5333037,,v1,2,2,4,118,segment,0.0
1782926615.5452907,,v1,2,2,4,118,classify,0.0052
1782926617.1144881,,v1,2,2,4,118,cut,1.5789
1782926621.1092777,,v1,2,2,4,119,transcribe,4.1443
1782926621.1098893,,v1,2,2,4,119,segment,0.0
1782926621.1254225,,v1,2,2,4,119,classify,0.0071
1782926622.5704892,,v1,2,2,4,119,cut,1.4572
1782926696.2298799,,v1,2,2,4,120,transcribe,62.5413
1782926696.2311418,,v1,2,2,4,120,segment,0.0
1782926696.315299,,v1,2,2,4,120,classify,0.013
1782926698.3953445,,v1,2,2,4,120,cut,2.106
1782926699.2011695,,v1,2,2,4,121,transcribe,65.5128
1782926699.2046912,,v1,2,2,4,121,segment,0.0
1782926699.243673,,v1,2,2,4,121,classify,0.0094
1782926700.9980865,,v1,2,2,4,121,cut,1.9689
1782926711.5264785,,v1,2,2,4,122,transcribe,13.4264
1782926711.5313315,,v1,2,2,4,122,segment,0.0
1782926711.5469692,,v1,2,2,4,122,classify,0.008
1782926713.4330132,,v1,2,2,4,122,cut,1.8988
1782926724.1932693,,v1,2,2,4,123,transcribe,23.5312
1782926724.1997585,,v1,2,2,4,123,segment,0.0
1782926724.2197971,,v1,2,2,4,123,classify,0.0083
1782926728.0904493,,v1,2,2,4,124,transcribe,14.797
1782926728.0926409,,v1,2,2,4,124,segment,0.0
1782926728.1552813,,v1,2,2,4,124,classify,0.0064
1782926728.3960102,,v1,2,2,4,123,cut,4.1554
1782926730.3215969,,v1,2,2,4,124,cut,2.4093
1782926733.9571192,,v1,2,2,4,125,transcribe,5.6385
1782926733.958199,,v1,2,2,4,125,segment,0.0
1782926733.9737954,,v1,2,2,4,125,classify,0.0085
1782926735.4792812,,v1,2,2,4,125,cut,1.5186
1782926814.709266,,v1,2,2,4,126,transcribe,68.9999
1782926814.712537,,v1,2,2,4,126,segment,0.0
1782926814.8367627,,v1,2,2,4,126,classify,0.0158
1782926817.393239,,v1,2,2,4,126,cut,2.59
1782926818.5352259,,v1,2,2,4,127,transcribe,72.8397
1782926818.5827913,,v1,2,2,4,127,segment,0.0
1782926818.6432261,,v1,2,2,4,127,classify,0.017
1782926820.896025,,v1,2,2,4,127,cut,2.4689
1782926822.0217,,v1,2,2,4,128,transcribe,76.5158
1782926822.022799,,v1,2,2,4,128,segment,0.0
1782926822.0547168,,v1,2,2,4,128,classify,0.008
1782926824.4949105,,v1,2,2,4,128,cut,2.452
1782926838.9851205,,v1,2,2,4,130,transcribe,18.1959
1782926838.9937472,,v1,2,2,4,130,segment,0.0
1782926839.0165136,,v1,2,2,4,130,classify,0.0071
1782926842.221205,,v1,2,2,4,130,cut,3.3647
1782926850.2636163,,v1,2,2,4,131,transcribe,26.0287
1782926850.2662544,,v1,2,2,4,131,segment,0.0
1782926850.3340313,,v1,2,2,4,131,classify,0.0111
1782926852.2576602,,v1,2,2,4,131,cut,2.0987
1782926853.8613243,,v1,2,2,4,129,transcribe,37.0632
1782926853.861925,,v1,2,2,4,129,segment,0.0
1782926853.8832645,,v1,2,2,4,129,classify,0.0132
1782926856.7670186,,v1,2,2,4,129,cut,2.9018
1782926920.4251862,,v1,2,2,4,136,transcribe,29.513
1782926920.429909,,v1,2,2,4,136,segment,0.0
1782926920.5105324,,v1,2,2,4,136,classify,0.0153
1782926923.9856973,,v1,2,2,4,136,cut,3.4981
1782926929.3270779,,v1,2,2,4,134,transcribe,61.7103
1782926929.3339205,,v1,2,2,4,134,segment,0.0
1782926929.4179788,,v1,2,2,4,134,classify,0.0112
1782926931.3346045,,v1,2,2,4,134,cut,2.093
1782926932.1512747,,v1,2,2,4,137,transcribe,28.8092
1782926932.151795,,v1,2,2,4,137,segment,0.0
1782926932.1706386,,v1,2,2,4,137,classify,0.0068
1782926933.5884979,,v1,2,2,4,137,cut,1.429
1782967640.6845284,,v0,2,2,4,138,transcribe,20.5038
1782967640.6853564,,v0,2,2,4,138,segment,0.0
1782967642.1232502,,v0,2,2,4,138,cut,1.4307
1782967644.1517467,,v0,2,2,4,138,classify,2.0277
1782967649.1300771,,v0,2,2,4,139,transcribe,4.5332
1782967649.1681063,,v0,2,2,4,139,segment,0.0
1782967650.627691,,v0,2,2,4,139,cut,1.4569
1782967652.6536453,,v0,2,2,4,139,classify,2.0252
1782967657.3988407,,v0,2,2,4,140,transcribe,4.6646
1782967657.3994784,,v0,2,2,4,140,segment,0.0
1782967658.924132,,v0,2,2,4,140,cut,1.522
1782967660.9484596,,v0,2,2,4,140,classify,2.0232
1782967666.6060293,,v0,2,2,4,141,transcribe,4.6348
1782967666.6065743,,v0,2,2,4,141,segment,0.0
1782967668.1271842,,v0,2,2,4,141,cut,1.5186
1782967670.1520517,,v0,2,2,4,141,classify,2.0236
1782967674.9178684,,v0,2,2,4,142,transcribe,4.6949
1782967674.918444,,v0,2,2,4,142,segment,0.0
1782967676.4282956,,v0,2,2,4,142,cut,1.5078
1782967678.4520423,,v0,2,2,4,142,classify,2.0227
1782967683.4039662,,v0,2,2,4,143,transcribe,4.8728
1782967683.4045477,,v0,2,2,4,143,segment,0.0
1782967684.922281,,v0,2,2,4,143,cut,1.5158
1782967686.9451218,,v0,2,2,4,143,classify,2.0221
1782967694.5164208,,v0,2,2,4,144,transcribe,7.4937
1782967694.5190904,,v0,2,2,4,144,segment,0.0
1782967697.477158,,v0,2,2,4,144,cut,2.9558
1782967699.5050592,,v0,2,2,4,144,classify,2.0269
1782967702.301443,,v0,2,2,4,145,transcribe,2.7149
1782967702.3019767,,v0,2,2,4,145,segment,0.0
1782967703.8254914,,v0,2,2,4,145,cut,1.5217
1782967705.8503304,,v0,2,2,4,145,classify,2.0241
1782967710.9096766,,v0,2,2,4,146,transcribe,4.5023
1782967710.910271,,v0,2,2,4,146,segment,0.0
1782967712.4280758,,v0,2,2,4,146,cut,1.5158
1782967714.4517913,,v0,2,2,4,146,classify,2.0227
1782967719.2943797,,v0,2,2,4,147,transcribe,4.771
1782967719.294933,,v0,2,2,4,147,segment,0.0
1782967720.8249526,,v0,2,2,4,147,cut,1.5282
1782967722.847419,,v0,2,2,4,147,classify,2.0216
1782967727.7783706,,v0,2,2,4,148,transcribe,4.8603
1782967727.7810924,,v0,2,2,4,148,segment,0.0
1782967729.2786713,,v0,2,2,4,148,cut,1.4954
1782967731.3046129,,v0,2,2,4,148,classify,2.0251
1782967738.8047626,,v0,2,2,4,149,transcribe,7.429
1782967738.8053749,,v0,2,2,4,149,segment,0.0
1782967741.7247212,,v0,2,2,4,149,cut,2.9173
1782967743.7511487,,v0,2,2,4,149,classify,2.0254
1782967746.6117418,,v0,2,2,4,150,transcribe,2.7893
1782967746.612289,,v0,2,2,4,150,segment,0.0
1782967748.1243868,,v0,2,2,4,150,cut,1.5104
1782967750.1461446,,v0,2,2,4,150,classify,2.021
1782967754.8061452,,v0,2,2,4,151,transcribe,4.5878
1782967754.8089237,,v0,2,2,4,151,segment,0.0
1782967756.3267245,,v0,2,2,4,151,cut,1.5154
1782967758.3506217,,v0,2,2,4,151,classify,2.0229
1782967763.1764102,,v0,2,2,4,152,transcribe,4.754
1782967763.1769886,,v0,2,2,4,152,segment,0.0
1782967764.6742966,,v0,2,2,4,152,cut,1.4944
1782967766.6978374,,v0,2,2,4,152,classify,2.0226
1782967771.498569,,v0,2,2,4,153,transcribe,4.7285
1782967771.4991941,,v0,2,2,4,153,segment,0.0
1782967773.0262308,,v0,2,2,4,153,cut,1.5235
1782967775.0509706,,v0,2,2,4,153,classify,2.024
1782967782.5800033,,v0,2,2,4,154,transcribe,7.4566
1782967782.5806248,,v0,2,2,4,154,segment,0.0
1782967785.476274,,v0,2,2,4,154,cut,2.8934
1782967787.5040097,,v0,2,2,4,154,classify,2.0268
1782967790.3723557,,v0,2,2,4,155,transcribe,2.7952
1782967790.372898,,v0,2,2,4,155,segment,0.0
1782967791.931927,,v0,2,2,4,155,cut,1.5572
1782967793.9597695,,v0,2,2,4,155,classify,2.0269
1782967799.6150117,,v0,2,2,4,156,transcribe,4.6352
1782967799.6157122,,v0,2,2,4,156,segment,0.0
1782967801.1272151,,v0,2,2,4,156,cut,1.5093
1782967803.154152,,v0,2,2,4,156,classify,2.0254
1782967808.007934,,v0,2,2,4,157,transcribe,4.7789
1782967808.0088258,,v0,2,2,4,157,segment,0.0
1782967809.5223694,,v0,2,2,4,157,cut,1.5113
1782967811.5472488,,v0,2,2,4,157,classify,2.0241
1782967816.4111855,,v0,2,2,4,158,transcribe,4.8056
1782967816.4118805,,v0,2,2,4,158,segment,0.0
1782967817.923061,,v0,2,2,4,158,cut,1.509
1782967819.9477003,,v0,2,2,4,158,classify,2.0238
1782967827.482229,,v0,2,2,4,159,transcribe,7.4611
1782967827.482867,,v0,2,2,4,159,segment,0.0
1782967830.3707268,,v0,2,2,4,159,cut,2.8855
1782967832.3984404,,v0,2,2,4,159,classify,2.0269
1782967835.2168124,,v0,2,2,4,160,transcribe,2.7466
1782967835.2173522,,v0,2,2,4,160,segment,0.0
1782967836.722042,,v0,2,2,4,160,cut,1.5029
1782967838.7423031,,v0,2,2,4,160,classify,2.0195
1782967843.3816545,,v0,2,2,4,161,transcribe,4.5662
1782967843.3822765,,v0,2,2,4,161,segment,0.0
1782967844.8246818,,v0,2,2,4,161,cut,1.4398
1782967846.8469691,,v0,2,2,4,161,classify,2.0215
1782967851.6823688,,v0,2,2,4,162,transcribe,4.7629
1782967851.6829255,,v0,2,2,4,162,segment,0.0
1782967853.2277906,,v0,2,2,4,162,cut,1.543
1782967855.252374,,v0,2,2,4,162,classify,2.0237
1782967860.0806787,,v0,2,2,4,163,transcribe,4.753
1782967860.0813072,,v0,2,2,4,163,segment,0.0
1782967861.5793138,,v0,2,2,4,163,cut,1.4959
1782967863.6033838,,v0,2,2,4,163,classify,2.0231
1782967871.0800173,,v0,2,2,4,164,transcribe,7.4051
1782967871.0806913,,v0,2,2,4,164,segment,0.0
1782967874.0254457,,v0,2,2,4,164,cut,2.9424
1782967876.051426,,v0,2,2,4,164,classify,2.0248
1782967878.9104252,,v0,2,2,4,165,transcribe,2.7573
1782967878.9110107,,v0,2,2,4,165,segment,0.0
1782967880.4263585,,v0,2,2,4,165,cut,1.5133
1782967882.451095,,v0,2,2,4,165,classify,2.024
1782967886.99866,,v0,2,2,4,166,transcribe,4.4742
1782967887.0012982,,v0,2,2,4,166,segment,0.0
1782967888.4276845,,v0,2,2,4,166,cut,1.4245
1782967890.4516053,,v0,2,2,4,166,classify,2.0232
1782967895.2184708,,v0,2,2,4,167,transcribe,4.6963
1782967895.2190895,,v0,2,2,4,167,segment,0.0
1782967896.7244768,,v0,2,2,4,167,cut,1.5035
1782967898.7483323,,v0,2,2,4,167,classify,2.0228
1782967903.6846519,,v0,2,2,4,168,transcribe,4.8635
1782967903.6852047,,v0,2,2,4,168,segment,0.0
1782967905.2286932,,v0,2,2,4,168,cut,1.5415
1782967907.2541335,,v0,2,2,4,168,classify,2.0242
1782967914.7849333,,v0,2,2,4,169,transcribe,7.4582
1782967914.7856884,,v0,2,2,4,169,segment,0.0
1782967917.672361,,v0,2,2,4,169,cut,2.8838
1782967919.6992753,,v0,2,2,4,169,classify,2.0261
1782967922.5278678,,v0,2,2,4,170,transcribe,2.757
1782967922.5283813,,v0,2,2,4,170,segment,0.0
1782967924.036423,,v0,2,2,4,170,cut,1.5061
1782967926.0583184,,v0,2,2,4,170,classify,2.0212
1782967930.7185714,,v0,2,2,4,171,transcribe,4.5864
1782967930.719184,,v0,2,2,4,171,segment,0.0
1782967932.228781,,v0,2,2,4,171,cut,1.5076
1782967934.252175,,v0,2,2,4,171,classify,2.0225
1782967939.1801949,,v0,2,2,4,172,transcribe,4.8551
1782967939.1807156,,v0,2,2,4,172,segment,0.0
1782967940.6758902,,v0,2,2,4,172,cut,1.4933
1782967942.7005956,,v0,2,2,4,172,classify,2.0236
1782967947.580616,,v0,2,2,4,173,transcribe,4.8062
1782967947.5812044,,v0,2,2,4,173,segment,0.0
1782967949.1312146,,v0,2,2,4,173,cut,1.5481
1782967951.1578538,,v0,2,2,4,173,classify,2.0256
1782967958.6190479,,v0,2,2,4,174,transcribe,7.3878
1782967958.6217134,,v0,2,2,4,174,segment,0.0
1782967961.5726779,,v0,2,2,4,174,cut,2.9487
1782967963.5991373,,v0,2,2,4,174,classify,2.0254
1782967966.4169369,,v0,2,2,4,175,transcribe,2.7475
1782967966.4176822,,v0,2,2,4,175,segment,0.0
1782967967.9221,,v0,2,2,4,175,cut,1.5026
1782967969.943598,,v0,2,2,4,175,classify,2.0207
1782967998.5908566,,v1,2,2,4,176,transcribe,23.6711
1782967998.5915375,,v1,2,2,4,176,segment,0.0
1782968000.0532544,,v1,2,2,4,176,cut,1.4544
1782968000.654362,,v1,2,2,4,176,classify,2.0297
1782968012.0340185,,v1,2,2,4,177,transcribe,10.8503
1782968012.0358613,,v1,2,2,4,177,segment,0.0
1782968013.9932315,,v1,2,2,4,177,cut,1.9546
1782968014.054724,,v1,2,2,4,177,classify,2.0117
1782968017.2160594,,v1,2,2,4,178,transcribe,16.0274
1782968017.2176669,,v1,2,2,4,178,segment,0.0
1782968018.75261,,v1,2,2,4,178,cut,1.5294
1782968019.2524607,,v1,2,2,4,178,classify,2.0243
1782968059.5306776,,v1,2,2,4,179,transcribe,38.9564
1782968059.5339508,,v1,2,2,4,179,segment,0.0
1782968061.6410685,,v1,2,2,4,179,classify,2.0129
1782968062.299675,,v1,2,2,4,179,cut,2.6927
1782968063.0287805,,v1,2,2,4,180,transcribe,42.4543
1782968063.04035,,v1,2,2,4,180,segment,0.0
1782968065.1295555,,v1,2,2,4,180,classify,2.0113
1782968065.697019,,v1,2,2,4,180,cut,2.5856
1782968069.843434,,v1,2,2,4,181,transcribe,49.2632
1782968069.8963377,,v1,2,2,4,181,segment,0.0
1782968071.9465575,,v1,2,2,4,181,classify,2.0137
1782968072.2503126,,v1,2,2,4,181,cut,2.3182
1782968077.7275646,,v1,2,2,4,183,transcribe,11.9085
1782968077.728953,,v1,2,2,4,183,segment,0.0
1782968079.7493818,,v1,2,2,4,183,classify,2.0097
1782968079.9036286,,v1,2,2,4,183,cut,2.1682
1782968084.6179771,,v1,2,2,4,182,transcribe,22.2033
1782968084.618493,,v1,2,2,4,182,segment,0.0
1782968086.636241,,v1,2,2,4,182,classify,2.0108
1782968087.5514998,,v1,2,2,4,182,cut,2.9303
1782968127.594285,,v1,2,2,4,184,transcribe,39.5483
1782968127.5968997,,v1,2,2,4,184,segment,0.0001
1782968129.635519,,v1,2,2,4,184,classify,2.0161
1782968130.3024118,,v1,2,2,4,184,cut,2.6954
1782968131.609765,,v1,2,2,4,185,transcribe,43.5637
1782968131.6116703,,v1,2,2,4,185,segment,0.0
1782968133.6441152,,v1,2,2,4,185,classify,2.0113
1782968133.998371,,v1,2,2,4,185,cut,2.3723
1782968134.4410894,,v1,2,2,4,186,transcribe,46.3949
1782968134.4988484,,v1,2,2,4,186,segment,0.0
1782968136.5291355,,v1,2,2,4,186,classify,2.0109
1782968137.097963,,v1,2,2,4,186,cut,2.5795
1782968155.1278903,,v1,2,2,4,188,transcribe,21.0249
1782968155.1296926,,v1,2,2,4,188,segment,0.0
1782968157.1963456,,v1,2,2,4,188,classify,2.0203
1782968159.0094876,,v1,2,2,4,188,cut,3.8644
1782968174.6085696,,v1,2,2,4,189,transcribe,37.4118
1782968174.614741,,v1,2,2,4,189,segment,0.0
1782968176.6794376,,v1,2,2,4,189,classify,2.018
1782968177.597615,,v1,2,2,4,189,cut,2.9601
1782968200.8372388,,v1,2,2,4,187,transcribe,70.3418
1782968200.8410144,,v1,2,2,4,187,segment,0.0
1782968203.0250645,,v1,2,2,4,187,classify,2.0293
1782968206.7443693,,v1,2,2,4,187,cut,5.8269
1782968208.6045704,,v1,2,2,4,190,transcribe,49.4803
1782968208.6060407,,v1,2,2,4,190,segment,0.0
1782968210.6439238,,v1,2,2,4,190,classify,2.0091
1782968211.192128,,v1,2,2,4,190,cut,2.5668
1782968223.4277391,,v1,2,2,4,191,transcribe,45.6261
1782968223.428929,,v1,2,2,4,191,segment,0.0
1782968225.5179987,,v1,2,2,4,191,classify,2.0156
1782968225.9934251,,v1,2,2,4,191,cut,2.4975
1782968228.8376946,,v1,2,2,4,193,transcribe,17.5439
1782968228.8385098,,v1,2,2,4,193,segment,0.0
1782968230.859709,,v1,2,2,4,193,classify,2.0143
1782968231.9934454,,v1,2,2,4,193,cut,3.1525
1782968235.6044693,,v1,2,2,4,192,transcribe,28.689
1782968235.6051795,,v1,2,2,4,192,segment,0.0
1782968237.6314962,,v1,2,2,4,192,classify,2.0152
1782968238.550213,,v1,2,2,4,192,cut,2.9396
1782968279.2126515,,v1,2,2,4,194,transcribe,39.5111
1782968279.2204504,,v1,2,2,4,194,segment,0.0
1782968281.247412,,v1,2,2,4,194,classify,2.0117
1782968281.7958267,,v1,2,2,4,194,cut,2.5646
1782968284.4359176,,v1,2,2,4,196,transcribe,44.7376
1782968284.439015,,v1,2,2,4,196,segment,0.0
1782968284.5952597,,v1,2,2,4,195,transcribe,44.897
1782968284.5960805,,v1,2,2,4,195,segment,0.0
1782968286.5152028,,v1,2,2,4,196,classify,2.01
1782968286.6512988,,v1,2,2,4,195,classify,2.0103
1782968287.994197,,v1,2,2,4,195,cut,3.3893
1782968287.9968712,,v1,2,2,4,196,cut,3.4952
1782968306.2941737,,v1,2,2,4,198,transcribe,18.2479
1782968306.2987902,,v1,2,2,4,198,segment,0.0
1782968308.348261,,v1,2,2,4,198,classify,2.0374
1782968310.7026112,,v1,2,2,4,198,cut,4.3967
1782968325.0319126,,v1,2,2,4,199,transcribe,36.9377
1782968325.0335636,,v1,2,2,4,199,segment,0.0
1782968327.12562,,v1,2,2,4,199,classify,2.019
1782968328.007428,,v1,2,2,4,199,cut,2.912
1782968349.6276207,,v1,2,2,4,197,transcribe,67.7111
1782968349.6333923,,v1,2,2,4,197,segment,0.0
1782968351.7514994,,v1,2,2,4,197,classify,2.0199
1782968354.993333,,v1,2,2,4,197,cut,5.3007
1782968359.3119621,,v1,2,2,4,200,transcribe,48.4656
1782968359.3135135,,v1,2,2,4,200,segment,0.0
1782968361.3460355,,v1,2,2,4,200,classify,2.0153
1782968361.893333,,v1,2,2,4,200,cut,2.567
1782968374.312991,,v1,2,2,4,201,transcribe,46.0956
1782968374.3186889,,v1,2,2,4,201,segment,0.0
1782968376.3472748,,v1,2,2,4,201,classify,2.012
1782968376.7898753,,v1,2,2,4,201,cut,2.4616
1782968382.0291321,,v1,2,2,4,203,transcribe,20.0343
1782968382.0318418,,v1,2,2,4,203,segment,0.0
1782968384.051396,,v1,2,2,4,203,classify,2.0109
1782968386.0035772,,v1,2,2,4,203,cut,3.969
1782968415.9373116,,v1,2,2,4,204,transcribe,39.0936
1782968415.9934044,,v1,2,2,4,204,segment,0.0
1782968418.0276604,,v1,2,2,4,204,classify,2.0128
1782968418.4982595,,v1,2,2,4,204,cut,2.4912
1782968422.6020677,,v1,2,2,4,202,transcribe,67.4902
1782968422.6082509,,v1,2,2,4,202,segment,0.0
1782968424.6477559,,v1,2,2,4,202,classify,2.0175
1782968427.9953904,,v1,2,2,4,202,cut,5.3684
1782968433.609435,,v1,2,2,4,205,transcribe,47.4143
1782968433.613371,,v1,2,2,4,205,segment,0.0
1782968435.6413171,,v1,2,2,4,205,classify,2.0125
1782968436.1984816,,v1,2,2,4,205,cut,2.5765
1782968457.9372597,,v1,2,2,4,208,transcribe,21.6058
1782968457.9403827,,v1,2,2,4,208,segment,0.0
1782968460.0585523,,v1,2,2,4,208,classify,2.027
1782968462.4097824,,v1,2,2,4,208,cut,4.4044
1782968463.54252,,v1,2,2,4,206,transcribe,44.9139
1782968463.544715,,v1,2,2,4,206,segment,0.0
1782968465.6288013,,v1,2,2,4,206,classify,2.0147
1782968466.0925796,,v1,2,2,4,206,cut,2.4868
1782968493.9079645,,v1,2,2,4,207,transcribe,65.7913
1782968493.9140275,,v1,2,2,4,207,segment,0.0
1782968495.976557,,v1,2,2,4,207,classify,2.0156
1782968499.6966157,,v1,2,2,4,207,cut,5.7518
1782968506.4127767,,v1,2,2,4,209,transcribe,43.8152
1782968506.4177382,,v1,2,2,4,209,segment,0.0001
1782968508.5869448,,v1,2,2,4,209,classify,2.018
1782968509.3952053,,v1,2,2,4,209,cut,2.8564
1782968512.3039885,,v1,2,2,4,210,transcribe,46.0897
1782968512.3057697,,v1,2,2,4,210,segment,0.0001
1782968514.3303103,,v1,2,2,4,210,classify,2.0089
1782968514.5956585,,v1,2,2,4,210,cut,2.2788
1782968535.824056,,v1,2,2,4,213,transcribe,21.1091
1782968535.8295567,,v1,2,2,4,213,segment,0.0
1782968537.8587058,,v1,2,2,4,213,classify,2.0108
1782968539.9999123,,v1,2,2,4,213,cut,4.162
1782968541.3229556,,v1,2,2,4,211,transcribe,41.4894
1782968541.3281848,,v1,2,2,4,211,segment,0.0
1782968543.3505511,,v1,2,2,4,211,classify,2.0078
1782968543.402234,,v1,2,2,4,211,cut,2.0655
1782968545.932933,,v1,2,2,4,212,transcribe,36.4235
1782968545.9370072,,v1,2,2,4,212,segment,0.0
1782968547.961349,,v1,2,2,4,212,classify,2.0149
1782968548.9531646,,v1,2,2,4,212,cut,3.0113
1782969651.8334444,,v0,2,2,4,214,transcribe,19.9139
1782969651.834385,,v0,2,2,4,214,segment,0.0
1782969653.2903342,,v0,2,2,4,214,cut,1.4527
1782969661.3221648,,v0,2,2,4,214,classify,8.031
1782969673.3456736,,v0,2,2,4,215,transcribe,11.1353
1782969673.3477416,,v0,2,2,4,215,segment,0.0
1782969675.1940503,,v0,2,2,4,215,cut,1.8358
1782969678.3752494,,v0,2,2,4,216,transcribe,16.1584
1782969678.3758051,,v0,2,2,4,216,segment,0.0
1782969679.8841093,,v0,2,2,4,216,cut,1.5043
1782969683.2243428,,v0,2,2,4,215,classify,8.0294
1782969687.9099412,,v0,2,2,4,216,classify,8.025
1782969705.8696127,,v0,2,2,4,217,transcribe,17.2569
1782969705.8715272,,v0,2,2,4,217,segment,0.0
1782969708.0403125,,v0,2,2,4,217,cut,2.1662
1782969708.150665,,v0,2,2,4,218,transcribe,19.5409
1782969708.1511219,,v0,2,2,4,218,segment,0.0
1782969709.693698,,v0,2,2,4,218,cut,1.5405
1782969716.0716598,,v0,2,2,4,217,classify,8.0275
1782969717.7413557,,v0,2,2,4,218,classify,8.0467
1782969725.8705084,,v0,2,2,4,219,transcribe,9.7247
1782969725.8747663,,v0,2,2,4,219,segment,0.0
1782969727.8312898,,v0,2,2,4,219,cut,1.9542
1782969733.1601381,,v0,2,2,4,220,transcribe,15.3204
1782969733.1606965,,v0,2,2,4,220,segment,0.0
1782969735.843688,,v0,2,2,4,219,classify,8.011
1782969736.1319551,,v0,2,2,4,220,cut,2.9691
1782969738.7535467,,v0,2,2,4,221,transcribe,2.8195
1782969738.7540712,,v0,2,2,4,221,segment,0.0
1782969740.2954404,,v0,2,2,4,221,cut,1.5396
1782969744.156741,,v0,2,2,4,220,classify,8.024
1782969748.3227506,,v0,2,2,4,221,classify,8.0265
1782969766.254944,,v0,2,2,4,222,transcribe,17.1369
1782969766.2592893,,v0,2,2,4,222,segment,0.0
1782969768.4306288,,v0,2,2,4,222,cut,2.1688
1782969768.6527138,,v0,2,2,4,223,transcribe,19.5368
1782969768.6533616,,v0,2,2,4,223,segment,0.0
1782969770.1867502,,v0,2,2,4,223,cut,1.5305
1782969776.4640982,,v0,2,2,4,222,classify,8.029
1782969778.2382722,,v0,2,2,4,223,classify,8.0507
1782969786.044693,,v0,2,2,4,224,transcribe,9.5059
1782969786.050872,,v0,2,2,4,224,segment,0.0
1782969787.9857485,,v0,2,2,4,224,cut,1.9315
1782969793.6388447,,v0,2,2,4,225,transcribe,15.3053
1782969793.639458,,v0,2,2,4,225,segment,0.0
1782969796.040628,,v0,2,2,4,224,classify,8.0541
1782969796.5818322,,v0,2,2,4,225,cut,2.9395
1782969798.9852178,,v0,2,2,4,226,transcribe,2.8312
1782969798.9860213,,v0,2,2,4,226,segment,0.0
1782969800.4884276,,v0,2,2,4,226,cut,1.5001
1782969804.6075397,,v0,2,2,4,225,classify,8.0249
1782969808.5452805,,v0,2,2,4,226,classify,8.056
1782969810.7675667,,v0,2,2,4,227,transcribe,6.0879
1782969810.7718503,,v0,2,2,4,227,segment,0.0
1782969812.8312771,,v0,2,2,4,227,cut,2.05
1782969816.552244,,v0,2,2,4,228,transcribe,7.9042
1782969816.552885,,v0,2,2,4,228,segment,0.0
1782969818.087559,,v0,2,2,4,228,cut,1.5323
1782969820.8630543,,v0,2,2,4,227,classify,8.0305
1782969825.7722664,,v0,2,2,4,229,transcribe,4.8363
1782969825.7728155,,v0,2,2,4,229,segment,0.0
1782969826.1397033,,v0,2,2,4,228,classify,8.0514
1782969827.5283043,,v0,2,2,4,229,cut,1.7536
1782969834.538533,,v0,2,2,4,230,transcribe,8.2737
1782969834.5392108,,v0,2,2,4,230,segment,0.0
1782969835.5489967,,v0,2,2,4,229,classify,8.0178
1782969838.031092,,v0,2,2,4,230,cut,3.4894
1782969840.036243,,v0,2,2,4,231,transcribe,4.2754
1782969840.036717,,v0,2,2,4,231,segment,0.0
1782969841.5919058,,v0,2,2,4,231,cut,1.5535
1782969846.0611732,,v0,2,2,4,230,classify,8.0269
1782969849.6138563,,v0,2,2,4,231,classify,8.021
1782969866.8482797,,v0,2,2,4,232,transcribe,16.0613
1782969866.8509936,,v0,2,2,4,232,segment,0.0
1782969868.9842691,,v0,2,2,4,232,cut,2.1279
1782969869.5681026,,v0,2,2,4,233,transcribe,18.7828
1782969869.5686545,,v0,2,2,4,233,segment,0.0
1782969871.0867097,,v0,2,2,4,233,cut,1.5161
1782969877.0113266,,v0,2,2,4,232,classify,8.023
1782969879.136561,,v0,2,2,4,233,classify,8.0491
1782969886.6788025,,v0,2,2,4,234,transcribe,9.5951
1782969886.679478,,v0,2,2,4,234,segment,0.0
1782969888.7834165,,v0,2,2,4,234,cut,2.0541
1782969894.5319967,,v0,2,2,4,235,transcribe,15.3439
1782969894.5348427,,v0,2,2,4,235,segment,0.0
1782969896.836742,,v0,2,2,4,234,classify,8.0525
1782969897.4831667,,v0,2,2,4,235,cut,2.9458
1782969899.8583217,,v0,2,2,4,236,transcribe,2.9199
1782969899.8588703,,v0,2,2,4,236,segment,0.0
1782969901.3912516,,v0,2,2,4,236,cut,1.5307
1782969905.5070114,,v0,2,2,4,235,classify,8.0231
1782969909.434061,,v0,2,2,4,236,classify,8.042
1782969911.565887,,v0,2,2,4,237,transcribe,5.9867
1782969911.5693018,,v0,2,2,4,237,segment,0.0
1782969913.483336,,v0,2,2,4,237,cut,1.8986
1782969917.3412106,,v0,2,2,4,238,transcribe,7.8071
1782969917.3418345,,v0,2,2,4,238,segment,0.0
1782969918.890791,,v0,2,2,4,238,cut,1.5451
1782969921.559593,,v0,2,2,4,237,classify,8.0283
1782969926.4804535,,v0,2,2,4,239,transcribe,4.8501
1782969926.4809704,,v0,2,2,4,239,segment,0.0
1782969926.9402452,,v0,2,2,4,238,classify,8.0483
1782969928.1843765,,v0,2,2,4,239,cut,1.7015
1782969935.139426,,v0,2,2,4,240,transcribe,8.0801
1782969935.139998,,v0,2,2,4,240,segment,0.0
1782969936.242642,,v0,2,2,4,239,classify,8.056
1782969938.632984,,v0,2,2,4,240,cut,3.4909
1782969940.6757908,,v0,2,2,4,241,transcribe,4.3024
1782969940.676359,,v0,2,2,4,241,segment,0.0
1782969942.1844268,,v0,2,2,4,241,cut,1.5062
1782969946.6634831,,v0,2,2,4,240,classify,8.0233
1782969950.2301588,,v0,2,2,4,241,classify,8.045
1782969954.0633657,,v0,2,2,4,242,transcribe,7.3462
1782969954.0648031,,v0,2,2,4,242,segment,0.0
1782969956.0378304,,v0,2,2,4,242,cut,1.9681
1782969959.5457547,,v0,2,2,4,243,transcribe,9.2113
1782969959.5463426,,v0,2,2,4,243,segment,0.0
1782969961.0898414,,v0,2,2,4,243,cut,1.5409
1782969964.0701697,,v0,2,2,4,242,classify,8.0279
1782969968.872108,,v0,2,2,4,244,transcribe,4.729
1782969968.8726954,,v0,2,2,4,244,segment,0.0
1782969969.137279,,v0,2,2,4,243,classify,8.0464
1782969970.6363058,,v0,2,2,4,244,cut,1.7617
1782969977.638068,,v0,2,2,4,245,transcribe,8.4046
1782969977.638662,,v0,2,2,4,245,segment,0.0
1782969978.6544147,,v0,2,2,4,244,classify,8.0151
1782969981.181753,,v0,2,2,4,245,cut,3.5407
1782969983.3352773,,v0,2,2,4,246,transcribe,4.4955
1782969983.3358712,,v0,2,2,4,246,segment,0.0
1782969984.9958014,,v0,2,2,4,246,cut,1.6577
1782969989.2121315,,v0,2,2,4,245,classify,8.0292
1782969993.0405982,,v0,2,2,4,246,classify,8.0436
1782969996.3375533,,v0,2,2,4,247,transcribe,7.0529
1782969996.3419414,,v0,2,2,4,247,segment,0.0
1782969998.2880332,,v0,2,2,4,247,cut,1.9419
1782970001.9724212,,v0,2,2,4,248,transcribe,8.8301
1782970001.9729152,,v0,2,2,4,248,segment,0.0
1782970003.4831648,,v0,2,2,4,248,cut,1.5083
1782970006.3476274,,v0,2,2,4,247,classify,8.0568
1782970011.2426155,,v0,2,2,4,249,transcribe,4.8218
1782970011.243219,,v0,2,2,4,249,segment,0.0
1782970011.541908,,v0,2,2,4,248,classify,8.058
1782970012.8831227,,v0,2,2,4,249,cut,1.6378
1782970019.9653997,,v0,2,2,4,250,transcribe,8.2893
1782970019.9663513,,v0,2,2,4,250,segment,0.0
1782970020.9469326,,v0,2,2,4,249,classify,8.063
1782970023.6799872,,v0,2,2,4,250,cut,3.7104
1782970025.7507174,,v0,2,2,4,251,transcribe,4.5871
1782970025.7513041,,v0,2,2,4,251,segment,0.0
1782970027.2936835,,v0,2,2,4,251,cut,1.5403
1782970031.755486,,v0,2,2,4,250,classify,8.0745
1782970035.318977,,v0,2,2,4,251,classify,8.0245
1782970041.365517,,v1,2,2,4,252,transcribe,4.7142
1782970041.366033,,v1,2,2,4,252,segment,0.0
1782970042.9852142,,v1,2,2,4,252,cut,1.6118
1782970049.4262578,,v1,2,2,4,252,classify,8.0279
1782970065.652572,,v1,2,2,4,253,transcribe,15.6258
1782970065.6534894,,v1,2,2,4,253,segment,0.0
1782970068.129274,,v1,2,2,4,253,cut,2.4687
1782970068.6749778,,v1,2,2,4,254,transcribe,18.649
1782970068.6786342,,v1,2,2,4,254,segment,0.0001
1782970070.3821573,,v1,2,2,4,254,cut,1.6219
1782970073.696778,,v1,2,2,4,253,classify,8.028
1782970076.8535335,,v1,2,2,4,254,classify,8.0444
1782970095.4621122,,v1,2,2,4,255,transcribe,17.9343
1782970095.4630313,,v1,2,2,4,255,segment,0.0
1782970097.3659399,,v1,2,2,4,256,transcribe,19.8372
1782970097.3687925,,v1,2,2,4,256,segment,0.0
1782970097.634412,,v1,2,2,4,255,cut,2.1595
1782970099.4383504,,v1,2,2,4,256,cut,2.063
1782970103.4991562,,v1,2,2,4,255,classify,8.0134
1782970105.3933473,,v1,2,2,4,256,classify,8.0135
1782970114.1668391,,v1,2,2,4,257,transcribe,16.4263
1782970114.1681938,,v1,2,2,4,257,segment,0.0
1782970116.742325,,v1,2,2,4,257,cut,2.5097
1782970122.2566438,,v1,2,2,4,257,classify,8.0118
1782970126.5655868,,v1,2,2,4,258,transcribe,27.0113
1782970126.566454,,v1,2,2,4,258,segment,0.0
1782970130.3862896,,v1,2,2,4,258,cut,3.8088
1782970130.9291952,,v1,2,2,4,259,transcribe,14.0799
1782970130.9296908,,v1,2,2,4,259,segment,0.0
1782970132.4953108,,v1,2,2,4,259,cut,1.563
1782970134.614321,,v1,2,2,4,258,classify,8.0319
1782970138.961123,,v1,2,2,4,259,classify,8.0234
1782970158.3717942,,v1,2,2,4,261,transcribe,18.3558
1782970158.4304168,,v1,2,2,4,261,segment,0.0
1782970160.455739,,v1,2,2,4,260,transcribe,20.4406
1782970160.45688,,v1,2,2,4,260,segment,0.0
1782970160.484874,,v1,2,2,4,261,cut,2.0405
1782970162.4362783,,v1,2,2,4,260,cut,1.9745
1782970166.4736392,,v1,2,2,4,261,classify,8.0179
1782970168.4823544,,v1,2,2,4,260,classify,8.0157
1782970175.545244,,v1,2,2,4,262,transcribe,14.9808
1782970175.5462825,,v1,2,2,4,262,segment,0.0
1782970177.5885332,,v1,2,2,4,262,cut,2.0366
1782970183.5734587,,v1,2,2,4,262,classify,8.0155
1782970191.045103,,v1,2,2,4,264,transcribe,13.3161
1782970191.055397,,v1,2,2,4,264,segment,0.0
1782970192.5589147,,v1,2,2,4,263,transcribe,30.0201
1782970192.561171,,v1,2,2,4,263,segment,0.0
1782970195.664088,,v1,2,2,4,264,cut,4.5966
1782970197.482625,,v1,2,2,4,263,cut,4.9017
1782970199.111581,,v1,2,2,4,264,classify,8.0176
1782970200.6344447,,v1,2,2,4,263,classify,8.0306
1782970216.6733568,,v1,2,2,4,265,transcribe,20.8096
1782970216.6811123,,v1,2,2,4,265,segment,0.0001
1782970218.936714,,v1,2,2,4,265,cut,2.2057
1782970220.5695639,,v1,2,2,4,266,transcribe,22.9396
1782970220.5707574,,v1,2,2,4,266,segment,0.0
1782970222.6384254,,v1,2,2,4,266,cut,2.0577
1782970224.7696807,,v1,2,2,4,265,classify,8.0134
1782970228.6043055,,v1,2,2,4,266,classify,8.0123
1782970233.2326794,,v1,2,2,4,267,transcribe,14.1908
1782970233.2334352,,v1,2,2,4,267,segment,0.0
1782970235.240275,,v1,2,2,4,267,cut,2.0004
1782970241.2617471,,v1,2,2,4,267,classify,8.0167
1782970248.0550375,,v1,2,2,4,269,transcribe,12.7088
1782970248.0585966,,v1,2,2,4,269,segment,0.0
1782970251.1413238,,v1,2,2,4,269,cut,3.0799
1782970251.2466831,,v1,2,2,4,268,transcribe,28.5121
1782970251.2471528,,v1,2,2,4,268,segment,0.0
1782970254.1818545,,v1,2,2,4,268,cut,2.9319
1782970256.0898814,,v1,2,2,4,269,classify,8.0236
1782970259.2809098,,v1,2,2,4,268,classify,8.0264
1782970277.7595255,,v1,2,2,4,271,transcribe,18.0443
1782970277.7667944,,v1,2,2,4,271,segment,0.0
1782970279.9348917,,v1,2,2,4,271,cut,2.1624
1782970280.0472507,,v1,2,2,4,270,transcribe,20.3348
1782970280.0476696,,v1,2,2,4,270,segment,0.0
1782970282.0313838,,v1,2,2,4,270,cut,1.9813
1782970285.7923608,,v1,2,2,4,271,classify,8.0138
1782970288.0651329,,v1,2,2,4,270,classify,8.0104
1782970294.1330507,,v1,2,2,4,272,transcribe,14.0967
1782970294.1335902,,v1,2,2,4,272,segment,0.0
1782970296.0291092,,v1,2,2,4,272,cut,1.8923
1782970302.151151,,v1,2,2,4,272,classify,8.0098
1782970308.549612,,v1,2,2,4,274,transcribe,12.4659
1782970308.5501597,,v1,2,2,4,274,segment,0.0
1782970311.2464757,,v1,2,2,4,273,transcribe,29.1062
1782970311.2491894,,v1,2,2,4,273,segment,0.0
1782970311.5256352,,v1,2,2,4,274,cut,2.9731
1782970315.1327286,,v1,2,2,4,273,cut,3.8794
1782970316.5688307,,v1,2,2,4,274,classify,8.0103
1782970319.2705123,,v1,2,2,4,273,classify,8.012
1782970332.0307324,,v1,2,2,4,275,transcribe,20.3966
1782970332.032332,,v1,2,2,4,275,segment,0.0
1782970334.132532,,v1,2,2,4,275,cut,2.0947
1782970335.1526246,,v1,2,2,4,276,transcribe,19.9206
1782970335.1542363,,v1,2,2,4,276,segment,0.0
1782970337.1364436,,v1,2,2,4,276,cut,1.9788
1782970340.0595112,,v1,2,2,4,275,classify,8.0149
1782970343.1856036,,v1,2,2,4,276,classify,8.0232
1782970348.7614748,,v1,2,2,4,277,transcribe,14.5201
1782970348.7626798,,v1,2,2,4,277,segment,0.0
1782970350.6848054,,v1,2,2,4,277,cut,1.9128
1782970356.7955632,,v1,2,2,4,277,classify,8.0105
1782970363.632045,,v1,2,2,4,279,transcribe,12.8548
1782970363.634765,,v1,2,2,4,279,segment,0.0
1782970366.538443,,v1,2,2,4,279,cut,2.8981
1782970366.7299519,,v1,2,2,4,278,transcribe,29.4865
1782970366.730772,,v1,2,2,4,278,segment,0.0
1782970370.5843356,,v1,2,2,4,278,cut,3.8452
1782970371.6499784,,v1,2,2,4,279,classify,8.0062
1782970374.7638402,,v1,2,2,4,278,classify,8.0197
1782970386.7506204,,v1,2,2,4,280,transcribe,20.101
1782970386.7528584,,v1,2,2,4,280,segment,0.0
1782970388.8277404,,v1,2,2,4,280,cut,2.0679
1782970390.2636554,,v1,2,2,4,281,transcribe,19.5367
1782970390.2646704,,v1,2,2,4,281,segment,0.0
1782970392.327977,,v1,2,2,4,281,cut,2.0607
1782970394.7744782,,v1,2,2,4,280,classify,8.013
1782970398.2823179,,v1,2,2,4,281,classify,8.0105
1782970404.4549146,,v1,2,2,4,282,transcribe,15.5197
1782970404.457354,,v1,2,2,4,282,segment,0.0
1782970406.5841048,,v1,2,2,4,282,cut,2.1237
1782970412.4728951,,v1,2,2,4,282,classify,8.0081
1782970417.86664,,v1,2,2,4,283,transcribe,25.4892
1782970417.8697402,,v1,2,2,4,283,segment,0.0
1782970421.6817293,,v1,2,2,4,283,cut,3.8094
1782970422.5581303,,v1,2,2,4,284,transcribe,15.8689
1782970422.5586555,,v1,2,2,4,284,segment,0.0
1782970424.783862,,v1,2,2,4,284,cut,2.2227
1782970425.8896096,,v1,2,2,4,283,classify,8.0127
1782970430.5815518,,v1,2,2,4,284,classify,8.0156
1782970440.9660182,,v1,2,2,4,285,transcribe,19.1912
1782970440.9702568,,v1,2,2,4,285,segment,0.0
1782970443.083361,,v1,2,2,4,285,cut,2.1049
1782970444.5541794,,v1,2,2,4,286,transcribe,19.6664
1782970444.5548477,,v1,2,2,4,286,segment,0.0
1782970446.4833863,,v1,2,2,4,286,cut,1.9235
1782970448.9928312,,v1,2,2,4,285,classify,8.0078
1782970452.5777276,,v1,2,2,4,286,classify,8.0128
1782970459.3579328,,v1,2,2,4,287,transcribe,16.1845
1782970459.3610153,,v1,2,2,4,287,segment,0.0
1782970461.4288616,,v1,2,2,4,287,cut,2.0515
1782970467.3947537,,v1,2,2,4,287,classify,8.0112
1782970474.3538072,,v1,2,2,4,289,transcribe,12.8605
1782970474.354574,,v1,2,2,4,289,segment,0.0
1782970474.5406432,,v1,2,2,4,288,transcribe,27.9621
1782970474.541103,,v1,2,2,4,288,segment,0.0
1782970478.7296712,,v1,2,2,4,289,cut,4.372
1782970479.0831568,,v1,2,2,4,288,cut,4.5352
1782970482.3936973,,v1,2,2,4,289,classify,8.0275
1782970482.5820067,,v1,2,2,4,288,classify,8.0295
1782970934.3007145,,v1,2,2,4,291,transcribe,38.2885
1782970934.3054116,,v1,2,2,4,291,segment,0.0
1782970936.4572928,,v1,2,2,4,291,cut,2.0883
1782970937.4951317,,v1,2,2,4,290,transcribe,41.4827
1782970937.496718,,v1,2,2,4,290,segment,0.0
1782970939.4521708,,v1,2,2,4,290,cut,1.9024
1782970942.3960962,,v1,2,2,4,291,classify,8.0155
1782970945.5711708,,v1,2,2,4,290,classify,8.0126
1782970951.2850187,,v1,2,2,4,292,transcribe,14.7257
1782970951.2862482,,v1,2,2,4,292,segment,0.0
1782970953.1652834,,v1,2,2,4,292,cut,1.8743
1782970959.309739,,v1,2,2,4,292,classify,8.0126
1782970964.7683232,,v1,2,2,4,294,transcribe,11.5074
1782970964.7703292,,v1,2,2,4,294,segment,0.0
1782970964.7762818,,v1,2,2,4,293,transcribe,25.2226
1782970964.7773132,,v1,2,2,4,293,segment,0.0
1782970968.8587656,,v1,2,2,4,294,cut,4.082
1782970969.5063052,,v1,2,2,4,293,cut,4.7263
1782970972.7924201,,v1,2,2,4,294,classify,8.0111
1782970972.796819,,v1,2,2,4,293,classify,8.013
1782970973.4908617,,v1,2,2,4,295,transcribe,4.5141
1782970973.4912996,,v1,2,2,4,295,segment,0.0
1782970975.0108368,,v1,2,2,4,295,cut,1.5172
1782970981.5267072,,v1,2,2,4,295,classify,8.0289
1782971049.7449608,,v1,2,2,4,298,transcribe,56.4493
1782971049.745415,,v1,2,2,4,298,segment,0.0
1782971052.122677,,v1,2,2,4,298,cut,2.3726
1782971057.2542956,,v1,2,2,4,301,transcribe,10.6403
1782971057.2547784,,v1,2,2,4,301,segment,0.0
1782971057.7680047,,v1,2,2,4,298,classify,8.0138
1782971058.7712448,,v1,2,2,4,301,cut,1.5115
1782971065.2905612,,v1,2,2,4,301,classify,8.0264
1782971189.64583,,v1,2,2,4,307,transcribe,9.9063
1782971189.649366,,v1,2,2,4,307,segment,0.0
1782971191.0883052,,v1,2,2,4,307,cut,1.4337
1782971197.6856391,,v1,2,2,4,307,classify,8.0262
1782971351.3122785,,v1,2,2,4,311,transcribe,33.8845
1782971351.3170338,,v1,2,2,4,311,segment,0.0
1782971354.26778,,v1,2,2,4,311,cut,2.9433
1782971359.3657217,,v1,2,2,4,311,classify,8.0328
1782972319.16968,,v0,2,2,4,315,transcribe,28.2354
1782972319.17261,,v0,2,2,4,315,segment,0.0
1782972319.3483274,,v0,2,2,4,314,transcribe,28.4155
1782972319.3490546,,v0,2,2,4,314,segment,0.0
1782972323.8388796,,v0,2,2,4,315,cut,4.6094
1782972323.8886883,,v0,2,2,4,314,cut,4.5334
1782972331.871565,,v0,2,2,4,315,classify,8.0301
1782972331.9024591,,v0,2,2,4,314,classify,8.0128
1782972351.560218,,v0,2,2,4,316,transcribe,18.2938
1782972351.5611923,,v0,2,2,4,316,segment,0.0
1782972354.1387491,,v0,2,2,4,317,transcribe,20.8717
1782972354.1408525,,v0,2,2,4,317,segment,0.0
1782972356.9425793,,v0,2,2,4,316,cut,5.3096
1782972358.64149,,v0,2,2,4,317,cut,4.4952
1782972360.9456813,,v0,2,2,4,318,transcribe,27.6097
1782972360.9477723,,v0,2,2,4,318,segment,0.0
1782972363.989659,,v0,2,2,4,318,cut,3.0392
1782972364.958463,,v0,2,2,4,316,classify,8.0127
1782972365.5880406,,v0,2,2,4,319,transcribe,32.3117
1782972365.5885937,,v0,2,2,4,319,segment,0.0
1782972366.7347121,,v0,2,2,4,317,classify,8.0919
1782972369.7966523,,v0,2,2,4,319,cut,4.2044
1782972372.0127542,,v0,2,2,4,318,classify,8.0221
1782972377.817921,,v0,2,2,4,319,classify,8.0197
1782972400.8437896,,v0,2,2,4,320,transcribe,22.1448
1782972400.8447623,,v0,2,2,4,320,segment,0.0
1782972402.4539402,,v0,2,2,4,322,transcribe,23.7551
1782972402.4580657,,v0,2,2,4,322,segment,0.0
1782972406.3451402,,v0,2,2,4,320,cut,5.4912
1782972407.2527647,,v0,2,2,4,321,transcribe,28.5536
1782972407.255007,,v0,2,2,4,321,segment,0.0
1782972407.7478988,,v0,2,2,4,322,cut,5.2
1782972410.4904785,,v0,2,2,4,321,cut,3.1548
1782972411.275389,,v0,2,2,4,323,transcribe,32.58
1782972411.275894,,v0,2,2,4,323,segment,0.0
1782972414.3604443,,v0,2,2,4,320,classify,8.0129
1782972415.7343411,,v0,2,2,4,323,cut,4.4564
1782972415.7618084,,v0,2,2,4,322,classify,8.0105
1782972418.5361354,,v0,2,2,4,321,classify,8.0445
1782972420.2597542,,v0,2,2,4,324,transcribe,5.7244
1782972420.263026,,v0,2,2,4,324,segment,0.0
1782972423.7514787,,v0,2,2,4,323,classify,8.016
1782972425.342845,,v0,2,2,4,324,cut,5.0771
1782972427.5508182,,v0,2,2,4,325,transcribe,11.7442
1782972427.552656,,v0,2,2,4,325,segment,0.0
1782972431.3413723,,v0,2,2,4,325,cut,3.7852
1782972433.365517,,v0,2,2,4,324,classify,8.0131
1782972433.5531256,,v0,2,2,4,326,transcribe,14.8996
1782972433.5537488,,v0,2,2,4,326,segment,0.0
1782972436.5888388,,v0,2,2,4,326,cut,3.0324
1782972437.3556824,,v0,2,2,4,327,transcribe,13.3042
1782972437.3562376,,v0,2,2,4,327,segment,0.0
1782972439.433505,,v0,2,2,4,325,classify,8.0908
1782972439.6065524,,v0,2,2,4,327,cut,2.2483
1782972444.607564,,v0,2,2,4,326,classify,8.0176
1782972447.6296453,,v0,2,2,4,327,classify,8.0221
1782972470.8490934,,v0,2,2,4,328,transcribe,22.5469
1782972470.8501704,,v0,2,2,4,328,segment,0.0
1782972474.6443,,v0,2,2,4,330,transcribe,26.342
1782972474.6473482,,v0,2,2,4,330,segment,0.0
1782972474.8388216,,v0,2,2,4,329,transcribe,26.5373
1782972474.8404446,,v0,2,2,4,329,segment,0.0
1782972475.543243,,v0,2,2,4,328,cut,4.6886
1782972480.2510931,,v0,2,2,4,330,cut,5.5955
1782972480.287918,,v0,2,2,4,329,cut,5.4404
1782972481.1786664,,v0,2,2,4,331,transcribe,32.8756
1782972481.181394,,v0,2,2,4,331,segment,0.0
1782972483.6347039,,v0,2,2,4,328,classify,8.0901
1782972485.8852804,,v0,2,2,4,331,cut,4.7017
1782972487.59411,,v0,2,2,4,332,transcribe,3.7373
1782972487.5946636,,v0,2,2,4,332,segment,0.0
1782972488.3302438,,v0,2,2,4,330,classify,8.0778
1782972488.3417218,,v0,2,2,4,329,classify,8.0527
1782972490.6372972,,v0,2,2,4,332,cut,3.0409
1782972493.9441822,,v0,2,2,4,331,classify,8.0581
1782972498.6503227,,v0,2,2,4,332,classify,8.0108
1782972499.5528476,,v0,2,2,4,334,transcribe,11.0143
1782972499.5540814,,v0,2,2,4,334,segment,0.0
1782972499.740789,,v0,2,2,4,333,transcribe,11.2011
1782972499.742935,,v0,2,2,4,333,segment,0.0
1782972505.4433267,,v0,2,2,4,333,cut,5.6965
1782972505.6410458,,v0,2,2,4,334,cut,6.0824
1782972509.5745773,,v0,2,2,4,335,transcribe,15.5093
1782972509.5751524,,v0,2,2,4,335,segment,0.0
1782972512.4978266,,v0,2,2,4,335,cut,2.9206
1782972513.4577844,,v0,2,2,4,333,classify,8.0075
1782972513.6501262,,v0,2,2,4,334,classify,8.0077
1782972518.837512,,v0,2,2,4,336,transcribe,19.8973
1782972518.8386927,,v0,2,2,4,336,segment,0.0
1782972520.5507774,,v0,2,2,4,335,classify,8.0521
1782972527.5367215,,v0,2,2,4,336,cut,8.6943
1782972527.9372492,,v0,2,2,4,337,transcribe,14.434
1782972527.938067,,v0,2,2,4,337,segment,0.0
1782972532.8498178,,v0,2,2,4,337,cut,4.9088
1782972533.5448985,,v0,2,2,4,338,transcribe,19.8494
1782972533.5455089,,v0,2,2,4,338,segment,0.0
1782972535.6351933,,v0,2,2,4,336,classify,8.093
1782972536.4943588,,v0,2,2,4,338,cut,2.9467
1782972537.2862144,,v0,2,2,4,339,transcribe,16.2505
1782972537.2870393,,v0,2,2,4,339,segment,0.0
1782972539.4849226,,v0,2,2,4,339,cut,2.1961
1782972540.870263,,v0,2,2,4,337,classify,8.0186
1782972544.5118296,,v0,2,2,4,338,classify,8.0163
1782972547.505189,,v0,2,2,4,339,classify,8.0194
1782972570.953842,,v0,2,2,4,341,transcribe,22.9992
1782972570.957285,,v0,2,2,4,341,segment,0.0
1782972571.3591733,,v0,2,2,4,342,transcribe,23.4054
1782972571.4333544,,v0,2,2,4,342,segment,0.0
1782972572.0563645,,v0,2,2,4,340,transcribe,24.1017
1782972572.057411,,v0,2,2,4,340,segment,0.0
1782972577.9489126,,v0,2,2,4,341,cut,6.9876
1782972578.6300645,,v0,2,2,4,342,cut,7.189
1782972579.23319,,v0,2,2,4,340,cut,7.0966
1782972580.1548355,,v0,2,2,4,343,transcribe,32.201
1782972580.1553326,,v0,2,2,4,343,segment,0.0
1782972584.3376994,,v0,2,2,4,343,cut,4.1801
1782972586.0549307,,v0,2,2,4,341,classify,8.02
1782972586.6466672,,v0,2,2,4,342,classify,8.0104
1782972587.2435944,,v0,2,2,4,340,classify,8.0091
1782972592.3595521,,v0,2,2,4,343,classify,8.0209
1782972593.0459347,,v0,2,2,4,344,transcribe,6.9261
1782972593.0479984,,v0,2,2,4,344,segment,0.0
1782972599.1413028,,v0,2,2,4,344,cut,6.0901
1782972602.1543221,,v0,2,2,4,345,transcribe,15.4652
1782972602.1566856,,v0,2,2,4,345,segment,0.0
1782972606.0410109,,v0,2,2,4,345,cut,3.8805
1782972606.269985,,v0,2,2,4,346,transcribe,18.911
1782972606.2706027,,v0,2,2,4,346,segment,0.0
1782972607.2329152,,v0,2,2,4,344,classify,8.0898
1782972609.538038,,v0,2,2,4,346,cut,3.2653
1782972611.2559834,,v0,2,2,4,347,transcribe,18.6187
1782972611.2566,,v0,2,2,4,347,segment,0.0
1782972614.0535533,,v0,2,2,4,345,classify,8.0109
1782972614.1333938,,v0,2,2,4,347,cut,2.8747
1782972617.5523775,,v0,2,2,4,346,classify,8.0121
1782972619.7596602,,v0,2,2,4,349,transcribe,5.6138
1782972619.7605495,,v0,2,2,4,349,segment,0.0
1782972622.152535,,v0,2,2,4,347,classify,8.0181
1782972625.2386036,,v0,2,2,4,349,cut,5.4753
1782972629.038129,,v0,2,2,4,348,transcribe,21.4813
1782972629.039236,,v0,2,2,4,348,segment,0.0
1782972633.3377507,,v0,2,2,4,349,classify,8.0934
1782972637.4512162,,v0,2,2,4,348,cut,8.4084
1782972639.3657854,,v0,2,2,4,350,transcribe,21.7065
1782972639.367028,,v0,2,2,4,350,segment,0.0
1782972643.045119,,v0,2,2,4,350,cut,3.6038
1782972643.8793051,,v0,2,2,4,351,transcribe,21.4245
1782972643.879917,,v0,2,2,4,351,segment,0.0
1782972645.548803,,v0,2,2,4,348,classify,8.0953
1782972647.008966,,v0,2,2,4,351,cut,3.127
1782972649.551533,,v0,2,2,4,352,transcribe,15.8966
1782972649.5521548,,v0,2,2,4,352,segment,0.0
1782972651.142616,,v0,2,2,4,350,classify,8.0936
1782972652.5937278,,v0,2,2,4,352,cut,3.0392
1782972655.0505137,,v0,2,2,4,351,classify,8.0116
1782972658.971996,,v0,2,2,4,354,transcribe,7.4397
1782972658.9728339,,v0,2,2,4,354,segment,0.0
1782972660.6533315,,v0,2,2,4,352,classify,8.0586
1782972664.542317,,v0,2,2,4,354,cut,5.5097
1782972668.1466455,,v0,2,2,4,353,transcribe,22.1871
1782972668.149003,,v0,2,2,4,353,segment,0.0
1782972672.5588613,,v0,2,2,4,354,classify,8.015
1782972676.3355782,,v0,2,2,4,353,cut,8.1829
1782972677.5605721,,v0,2,2,4,355,transcribe,22.3859
1782972677.5614724,,v0,2,2,4,355,segment,0.0
1782972681.2438924,,v0,2,2,4,355,cut,3.6788
1782972682.1720295,,v0,2,2,4,356,transcribe,21.2388
1782972682.1726441,,v0,2,2,4,356,segment,0.0
1782972684.4391806,,v0,2,2,4,353,classify,8.0937
1782972685.2416072,,v0,2,2,4,356,cut,3.0667
1782972688.0531538,,v0,2,2,4,357,transcribe,15.1993
1782972688.0538604,,v0,2,2,4,357,segment,0.0
1782972689.345476,,v0,2,2,4,355,classify,8.0976
1782972691.1660614,,v0,2,2,4,357,cut,3.1081
1782972693.2604778,,v0,2,2,4,356,classify,8.0173
1782972695.7682915,,v0,2,2,4,359,transcribe,6.013
1782972695.7691047,,v0,2,2,4,359,segment,0.0
1782972699.1779082,,v0,2,2,4,357,classify,8.0101
1782972699.238167,,v0,2,2,4,359,cut,3.4667
1782972699.982924,,v0,2,2,4,358,transcribe,15.1308
1782972699.9834974,,v0,2,2,4,358,segment,0.0
1782972704.1911573,,v0,2,2,4,358,cut,4.2051
1782972707.2627323,,v0,2,2,4,359,classify,8.0233
1782972712.213432,,v0,2,2,4,358,classify,8.021
1782972720.340528,,v1,2,2,4,361,transcribe,7.5657
1782972720.3445346,,v1,2,2,4,361,segment,0.0
1782972720.8466473,,v1,2,2,4,360,transcribe,8.072
1782972720.8482473,,v1,2,2,4,360,segment,0.0
1782972724.8347716,,v1,2,2,4,361,cut,4.48
1782972725.0929003,,v1,2,2,4,360,cut,4.236
1782972728.4115934,,v1,2,2,4,361,classify,8.0238
1782972728.8984313,,v1,2,2,4,360,classify,8.0231
1782972751.4575312,,v1,2,2,4,362,transcribe,21.3114
1782972751.538541,,v1,2,2,4,362,segment,0.0
1782972752.7368922,,v1,2,2,4,363,transcribe,22.5844
1782972752.7405164,,v1,2,2,4,363,segment,0.0
1782972757.735151,,v1,2,2,4,362,cut,6.1882
1782972758.24311,,v1,2,2,4,363,cut,5.4947
1782972758.2649055,,v1,2,2,4,364,transcribe,28.117
1782972758.2655554,,v1,2,2,4,364,segment,0.0
1782972759.5674586,,v1,2,2,4,362,classify,8.0136
1782972760.767342,,v1,2,2,4,363,classify,8.011
1782972761.3348405,,v1,2,2,4,364,cut,2.996
1782972762.081686,,v1,2,2,4,365,transcribe,31.9288
1782972762.0821834,,v1,2,2,4,365,segment,0.0
1782972766.2813475,,v1,2,2,4,365,cut,4.1931
1782972766.3791022,,v1,2,2,4,364,classify,8.0158
1782972770.114683,,v1,2,2,4,365,classify,8.0219
1782972792.4584591,,v1,2,2,4,366,transcribe,21.92
1782972792.45916,,v1,2,2,4,366,segment,0.0
1782972795.950846,,v1,2,2,4,368,transcribe,25.4109
1782972795.9533293,,v1,2,2,4,368,segment,0.0
1782972796.9410236,,v1,2,2,4,366,cut,4.3962
1782972797.550485,,v1,2,2,4,367,transcribe,27.0119
1782972797.5515866,,v1,2,2,4,367,segment,0.0
1782972800.5678358,,v1,2,2,4,366,classify,8.0104
1782972801.6451263,,v1,2,2,4,368,cut,5.6846
1782972802.7453039,,v1,2,2,4,367,cut,5.1873
1782972803.975976,,v1,2,2,4,368,classify,8.0096
1782972805.5729415,,v1,2,2,4,367,classify,8.0095
1782972811.6517668,,v1,2,2,4,369,transcribe,41.115
1782972811.657935,,v1,2,2,4,369,segment,0.0
1782972816.1416821,,v1,2,2,4,370,transcribe,18.8899
1782972816.142365,,v1,2,2,4,370,segment,0.0
1782972819.6813483,,v1,2,2,4,369,classify,8.0136
1782972822.3964965,,v1,2,2,4,369,cut,10.7333
1782972823.8412445,,v1,2,2,4,370,cut,7.6903
1782972824.1658342,,v1,2,2,4,370,classify,8.0087
1782972825.8590784,,v1,2,2,4,371,transcribe,23.9119
1782972825.860014,,v1,2,2,4,371,segment,0.0
1782972828.4387922,,v1,2,2,4,372,transcribe,25.3867
1782972828.4438484,,v1,2,2,4,372,segment,0.0
1782972830.5433302,,v1,2,2,4,371,cut,4.607
1782972832.1372526,,v1,2,2,4,372,cut,3.6814
1782972833.9570463,,v1,2,2,4,371,classify,8.0127
1782972833.9968638,,v1,2,2,4,373,transcribe,11.2614
1782972833.9973671,,v1,2,2,4,373,segment,0.0
1782972836.3003783,,v1,2,2,4,373,cut,2.3007
1782972836.479146,,v1,2,2,4,372,classify,8.0168
1782972842.0212264,,v1,2,2,4,373,classify,8.0175
1782972865.4579232,,v1,2,2,4,374,transcribe,22.3828
1782972865.460789,,v1,2,2,4,374,segment,0.0
1782972867.4502892,,v1,2,2,4,375,transcribe,24.3671
1782972867.4510791,,v1,2,2,4,375,segment,0.0
1782972869.2351744,,v1,2,2,4,376,transcribe,26.16
1782972869.2368875,,v1,2,2,4,376,segment,0.0
1782972871.2411616,,v1,2,2,4,374,cut,5.7021
1782972873.243656,,v1,2,2,4,375,cut,5.7844
1782972873.561533,,v1,2,2,4,374,classify,8.0148
1782972874.2428873,,v1,2,2,4,376,cut,4.993
1782972875.488818,,v1,2,2,4,375,classify,8.0235
1782972877.2677138,,v1,2,2,4,376,classify,8.0111
1782972883.9556165,,v1,2,2,4,377,transcribe,40.8809
1782972883.9603744,,v1,2,2,4,377,segment,0.0
1782972889.7508721,,v1,2,2,4,378,transcribe,18.0106
1782972889.755571,,v1,2,2,4,378,segment,0.0001
1782972892.07,,v1,2,2,4,377,classify,8.0186
1782972894.5398273,,v1,2,2,4,377,cut,10.5031
1782972897.6436281,,v1,2,2,4,378,cut,7.8041
1782972897.8663146,,v1,2,2,4,378,classify,8.0089
1782972900.05363,,v1,2,2,4,379,transcribe,26.2192
1782972900.0552576,,v1,2,2,4,379,segment,0.0
1782972904.442016,,v1,2,2,4,379,cut,4.2992
1782972904.7362628,,v1,2,2,4,380,transcribe,30.2879
1782972904.7378397,,v1,2,2,4,380,segment,0.0001
1782972908.1651254,,v1,2,2,4,379,classify,8.0133
1782972909.3423154,,v1,2,2,4,380,cut,4.5933
1782972912.7692251,,v1,2,2,4,380,classify,8.013
1782972920.7491934,,v1,2,2,4,383,transcribe,16.0126
1782972920.7502422,,v1,2,2,4,383,segment,0.0001
1782972921.6512122,,v1,2,2,4,381,transcribe,26.6095
1782972921.7329605,,v1,2,2,4,381,segment,0.0
1782972927.2450216,,v1,2,2,4,381,cut,5.5059
1782972928.863948,,v1,2,2,4,383,classify,8.013
1782972929.7652667,,v1,2,2,4,381,classify,8.0162
1782972929.942988,,v1,2,2,4,383,cut,9.1014
1782972932.6342642,,v1,2,2,4,384,transcribe,22.994
1782972932.6380596,,v1,2,2,4,384,segment,0.0
1782972936.2408576,,v1,2,2,4,384,cut,3.5976
1782972937.5733163,,v1,2,2,4,382,transcribe,39.6345
1782972937.5756915,,v1,2,2,4,382,segment,0.0
1782972940.665687,,v1,2,2,4,384,classify,8.0131
1782972943.7826266,,v1,2,2,4,382,cut,6.2036
1782972944.2667735,,v1,2,2,4,385,transcribe,16.7137
1782972944.2672358,,v1,2,2,4,385,segment,0.0
1782972945.6029503,,v1,2,2,4,382,classify,8.0179
1782972946.4948287,,v1,2,2,4,385,cut,2.2251
1782972952.2943892,,v1,2,2,4,385,classify,8.0202
1782972975.9586926,,v1,2,2,4,386,transcribe,23.2762
1782972975.9615948,,v1,2,2,4,386,segment,0.0
1782972976.5565019,,v1,2,2,4,387,transcribe,23.8737
1782972976.5592952,,v1,2,2,4,387,segment,0.0
1782972978.9585252,,v1,2,2,4,388,transcribe,26.2759
1782972979.0357466,,v1,2,2,4,388,segment,0.0
1782972983.253274,,v1,2,2,4,386,cut,7.2105
1782972983.6435149,,v1,2,2,4,387,cut,7.0049
1782972984.0670943,,v1,2,2,4,386,classify,8.0149
1782972984.6606772,,v1,2,2,4,387,classify,8.0141
1782972985.2407503,,v1,2,2,4,388,cut,6.1932
1782972987.068826,,v1,2,2,4,388,classify,8.0107
1782972994.86018,,v1,2,2,4,389,transcribe,42.1789
1782972994.8648648,,v1,2,2,4,389,segment,0.0
1782973000.237897,,v1,2,2,4,390,transcribe,16.4856
1782973000.2405655,,v1,2,2,4,390,segment,0.0
1782973002.966221,,v1,2,2,4,389,classify,8.0173
1782973005.5414248,,v1,2,2,4,389,cut,10.6004
1782973007.7399704,,v1,2,2,4,390,cut,7.4926
1782973008.26485,,v1,2,2,4,390,classify,8.0092
1782973011.849441,,v1,2,2,4,391,transcribe,27.7112
1782973011.8539276,,v1,2,2,4,391,segment,0.0
1782973013.0392642,,v1,2,2,4,392,transcribe,27.4952
1782973013.0410116,,v1,2,2,4,392,segment,0.0
1782973017.7470865,,v1,2,2,4,391,cut,5.8125
1782973018.6437297,,v1,2,2,4,392,cut,5.5897
1782973019.875693,,v1,2,2,4,391,classify,8.0118
1782973021.0709991,,v1,2,2,4,392,classify,8.0083
1782973031.6582308,,v1,2,2,4,395,transcribe,13.4244
1782973031.6617842,,v1,2,2,4,395,segment,0.0
1782973032.4447174,,v1,2,2,4,393,transcribe,26.6849
1782973032.4456654,,v1,2,2,4,393,segment,0.0
1782973037.6387928,,v1,2,2,4,393,cut,5.1847
1782973039.7639415,,v1,2,2,4,395,classify,8.0171
1782973040.146245,,v1,2,2,4,395,cut,8.4075
1782973040.4716208,,v1,2,2,4,393,classify,8.0082
1782973043.8469365,,v1,2,2,4,396,transcribe,24.9864
1782973043.8477402,,v1,2,2,4,396,segment,0.0
1782973048.1420007,,v1,2,2,4,396,cut,4.2888
1782973051.8714025,,v1,2,2,4,396,classify,8.0104
1782973053.656741,,v1,2,2,4,394,transcribe,45.6204
1782973053.6579692,,v1,2,2,4,394,segment,0.0
1782973061.68074,,v1,2,2,4,394,classify,8.0128
1782973062.7307897,,v1,2,2,4,394,cut,8.9962
1782973067.1445546,,v1,2,2,4,397,transcribe,28.81
1782973067.1504998,,v1,2,2,4,397,segment,0.0
1782973071.541857,,v1,2,2,4,397,cut,4.3861
1782973072.0428731,,v1,2,2,4,398,transcribe,31.6001
1782973072.043528,,v1,2,2,4,398,segment,0.0
1782973075.1754003,,v1,2,2,4,397,classify,8.01
1782973076.3443167,,v1,2,2,4,398,cut,4.2968
1782973080.0671191,,v1,2,2,4,398,classify,8.0118
1782973080.8401837,,v1,2,2,4,400,transcribe,17.8826
1782973080.842148,,v1,2,2,4,400,segment,0.0
1782973087.241922,,v1,2,2,4,400,cut,6.3956
1782973088.8638544,,v1,2,2,4,400,classify,8.0103
1782973092.8449473,,v1,2,2,4,399,transcribe,44.4098
1782973092.8469648,,v1,2,2,4,399,segment,0.0
1782973100.8763452,,v1,2,2,4,399,classify,8.0137
1782973101.8581803,,v1,2,2,4,401,transcribe,30.0216
1782973101.8588758,,v1,2,2,4,401,segment,0.0
1782973101.8873558,,v1,2,2,4,399,cut,9.0315
1782973106.2389567,,v1,2,2,4,401,cut,4.3762
1782973107.4472208,,v1,2,2,4,402,transcribe,30.8851
1782973107.4481745,,v1,2,2,4,402,segment,0.0
1782973109.8768167,,v1,2,2,4,401,classify,8.0087
1782973111.8374364,,v1,2,2,4,402,cut,4.3843
1782973113.9396164,,v1,2,2,4,403,transcribe,26.4063
1782973113.9405718,,v1,2,2,4,403,segment,0.0
1782973115.472074,,v1,2,2,4,402,classify,8.0104
1782973117.643732,,v1,2,2,4,403,cut,3.6955
1782973119.538379,,v1,2,2,4,405,transcribe,13.0681
1782973119.5406828,,v1,2,2,4,405,segment,0.0
1782973121.9674046,,v1,2,2,4,403,classify,8.0109
1782973122.7903895,,v1,2,2,4,405,cut,3.2466
1782973124.4821844,,v1,2,2,4,404,transcribe,22.326
1782973124.482736,,v1,2,2,4,404,segment,0.0
1782973127.5559776,,v1,2,2,4,405,classify,8.0069
1782973128.7914822,,v1,2,2,4,404,cut,4.3061
1782973132.5148582,,v1,2,2,4,404,classify,8.0253
1782973525.2483516,,v0,2,2,4,406,transcribe,21.1608
1782973525.2510169,,v0,2,2,4,406,segment,0.0
1782973527.3808491,,v0,2,2,4,406,cut,2.1272
1782973535.4015381,,v0,2,2,4,406,classify,8.0196
1782973539.684701,,v0,2,2,4,407,transcribe,3.2498
1782973539.685282,,v0,2,2,4,407,segment,0.0
1782973541.8893394,,v0,2,2,4,407,cut,2.2014
1782973549.9086945,,v0,2,2,4,407,classify,8.0181
1782973553.1667745,,v0,2,2,4,408,transcribe,3.1923
1782973553.1673605,,v0,2,2,4,408,segment,0.0
1782973555.3810103,,v0,2,2,4,408,cut,2.2115
1782973563.4038267,,v0,2,2,4,408,classify,8.022
1782973567.2729585,,v0,2,2,4,409,transcribe,3.3733
1782973567.2736778,,v0,2,2,4,409,segment,0.0
1782973569.482604,,v0,2,2,4,409,cut,2.2059
1782973577.5019317,,v0,2,2,4,409,classify,8.0182
1782973580.753901,,v0,2,2,4,410,transcribe,3.1861
1782973580.7545426,,v0,2,2,4,410,segment,0.0
1782973582.9887946,,v0,2,2,4,410,cut,2.2323
1782973591.0087495,,v0,2,2,4,410,classify,8.0191
1782973594.2737532,,v0,2,2,4,411,transcribe,3.1967
1782973594.274337,,v0,2,2,4,411,segment,0.0
1782973596.5210092,,v0,2,2,4,411,cut,2.2447
1782973604.5395563,,v0,2,2,4,411,classify,8.0175
1782973609.6904705,,v0,2,2,4,412,transcribe,5.0821
1782973609.6910894,,v0,2,2,4,412,segment,0.0
1782973613.8743591,,v0,2,2,4,412,cut,4.1811
1782973621.894701,,v0,2,2,4,412,classify,8.0195
1782973624.2869873,,v0,2,2,4,413,transcribe,2.326
1782973624.2876763,,v0,2,2,4,413,segment,0.0
1782973626.4757333,,v0,2,2,4,413,cut,2.1864
1782973634.4967723,,v0,2,2,4,413,classify,8.0202
1782973638.7761068,,v0,2,2,4,414,transcribe,3.187
1782973638.7789848,,v0,2,2,4,414,segment,0.0
1782973640.9870114,,v0,2,2,4,414,cut,2.206
1782973649.0053487,,v0,2,2,4,414,classify,8.0173
1782973652.2684941,,v0,2,2,4,415,transcribe,3.1985
1782973652.269124,,v0,2,2,4,415,segment,0.0
1782973654.5049512,,v0,2,2,4,415,cut,2.2339
1782973662.530962,,v0,2,2,4,415,classify,8.0251
1782973665.8824067,,v0,2,2,4,416,transcribe,3.2801
1782973665.8830152,,v0,2,2,4,416,segment,0.0
1782973668.077416,,v0,2,2,4,416,cut,2.1923
1782973676.099041,,v0,2,2,4,416,classify,8.0208
1782973681.236241,,v0,2,2,4,417,transcribe,5.0711
1782973681.236878,,v0,2,2,4,417,segment,0.0
1782973685.484933,,v0,2,2,4,417,cut,4.2455
1782973693.5055304,,v0,2,2,4,417,classify,8.0196
1782973695.9349482,,v0,2,2,4,418,transcribe,2.3639
1782973695.9355607,,v0,2,2,4,418,segment,0.0
1782973698.2103002,,v0,2,2,4,418,cut,2.2727
1782973706.2288692,,v0,2,2,4,418,classify,8.0173
1782973709.4873252,,v0,2,2,4,419,transcribe,3.1927
1782973709.4880702,,v0,2,2,4,419,segment,0.0
1782973711.6766791,,v0,2,2,4,419,cut,2.1867
1782973719.6943302,,v0,2,2,4,419,classify,8.0164
1782973723.0487018,,v0,2,2,4,420,transcribe,3.2901
1782973723.0493684,,v0,2,2,4,420,segment,0.0
1782973725.2800162,,v0,2,2,4,420,cut,2.2281
1782973733.302344,,v0,2,2,4,420,classify,8.0214
1782973736.674767,,v0,2,2,4,421,transcribe,3.3078
1782973736.6754189,,v0,2,2,4,421,segment,0.0
1782973738.9813647,,v0,2,2,4,421,cut,2.3039
1782973747.0043106,,v0,2,2,4,421,classify,8.022
1782973752.23186,,v0,2,2,4,422,transcribe,5.162
1782973752.2324946,,v0,2,2,4,422,segment,0.0
1782973756.589514,,v0,2,2,4,422,cut,4.3545
1782973764.614033,,v0,2,2,4,422,classify,8.0234
1782973767.13404,,v0,2,2,4,423,transcribe,2.4555
1782973767.1347935,,v0,2,2,4,423,segment,0.0
1782973769.3831336,,v0,2,2,4,423,cut,2.2465
1782973777.4025018,,v0,2,2,4,423,classify,8.0183
1782973780.7523687,,v0,2,2,4,424,transcribe,3.2828
1782973780.7531433,,v0,2,2,4,424,segment,0.0
1782973782.97993,,v0,2,2,4,424,cut,2.2247
1782973791.0016422,,v0,2,2,4,424,classify,8.0206
1782973794.3564563,,v0,2,2,4,425,transcribe,3.2901
1782973794.3571286,,v0,2,2,4,425,segment,0.0
1782973796.6826024,,v0,2,2,4,425,cut,2.3234
1782973804.700764,,v0,2,2,4,425,classify,8.017
1782973808.080459,,v0,2,2,4,426,transcribe,3.3158
1782973808.0810933,,v0,2,2,4,426,segment,0.0
1782973810.3821614,,v0,2,2,4,426,cut,2.299
1782973818.4011571,,v0,2,2,4,426,classify,8.0181
1782973823.6468241,,v0,2,2,4,427,transcribe,5.182
1782973823.6474605,,v0,2,2,4,427,segment,0.0
1782973827.9607978,,v0,2,2,4,427,cut,4.3108
1782973835.982168,,v0,2,2,4,427,classify,8.0202
1782973838.436344,,v0,2,2,4,428,transcribe,2.3899
1782973838.436923,,v0,2,2,4,428,segment,0.0
1782973840.6926584,,v0,2,2,4,428,cut,2.2539
1782973848.7170465,,v0,2,2,4,428,classify,8.0234
1782973852.1519487,,v0,2,2,4,429,transcribe,3.366
1782973852.1525867,,v0,2,2,4,429,segment,0.0
1782973854.3828795,,v0,2,2,4,429,cut,2.228
1782973862.401641,,v0,2,2,4,429,classify,8.0178
1782973865.745018,,v0,2,2,4,430,transcribe,3.2721
1782973865.7458923,,v0,2,2,4,430,segment,0.0
1782973867.995026,,v0,2,2,4,430,cut,2.2464
1782973876.0282266,,v0,2,2,4,430,classify,8.0323
1782973879.3840039,,v0,2,2,4,431,transcribe,3.2762
1782973879.3848608,,v0,2,2,4,431,segment,0.0
1782973881.693745,,v0,2,2,4,431,cut,2.3069
1782973889.7114415,,v0,2,2,4,431,classify,8.0167
1782973894.8783393,,v0,2,2,4,432,transcribe,5.1009
1782973894.8789325,,v0,2,2,4,432,segment,0.0
1782973899.1844923,,v0,2,2,4,432,cut,4.303
1782973907.2085106,,v0,2,2,4,432,classify,8.0228
1782973909.667979,,v0,2,2,4,433,transcribe,2.3908
1782973909.6685846,,v0,2,2,4,433,segment,0.0
1782973911.9892652,,v0,2,2,4,433,cut,2.3154
1782973920.014941,,v0,2,2,4,433,classify,8.0244
1782973923.3482292,,v0,2,2,4,434,transcribe,3.2677
1782973923.348987,,v0,2,2,4,434,segment,0.0
1782973925.4902737,,v0,2,2,4,434,cut,2.139
1782973933.510652,,v0,2,2,4,434,classify,8.0195
1782973936.774515,,v0,2,2,4,435,transcribe,3.1987
1782973936.7751946,,v0,2,2,4,435,segment,0.0
1782973938.9844272,,v0,2,2,4,435,cut,2.2073
1782973947.0390816,,v0,2,2,4,435,classify,8.0538
1782973950.3324764,,v0,2,2,4,436,transcribe,3.226
1782973950.3330805,,v0,2,2,4,436,segment,0.0
1782973952.580593,,v0,2,2,4,436,cut,2.2455
1782973960.6012793,,v0,2,2,4,436,classify,8.0198
1782973965.8650339,,v0,2,2,4,437,transcribe,5.1965
1782973965.8656414,,v0,2,2,4,437,segment,0.0
1782973970.079799,,v0,2,2,4,437,cut,4.212
1782973978.1008024,,v0,2,2,4,437,classify,8.02
1782973980.5323217,,v0,2,2,4,438,transcribe,2.367
1782973980.5328484,,v0,2,2,4,438,segment,0.0
1782973982.786231,,v0,2,2,4,438,cut,2.2517
1782973990.8095233,,v0,2,2,4,438,classify,8.022
1782973994.0686753,,v0,2,2,4,439,transcribe,3.1925
1782973994.0693853,,v0,2,2,4,439,segment,0.0
1782973996.2796874,,v0,2,2,4,439,cut,2.2077
1782974004.301545,,v0,2,2,4,439,classify,8.0209
1782974007.589951,,v0,2,2,4,440,transcribe,3.2235
1782974007.5905495,,v0,2,2,4,440,segment,0.0
1782974009.8799179,,v0,2,2,4,440,cut,2.2874
1782974017.900034,,v0,2,2,4,440,classify,8.0189
1782974021.1543996,,v0,2,2,4,441,transcribe,3.1887
1782974021.1550095,,v0,2,2,4,441,segment,0.0
1782974023.3949542,,v0,2,2,4,441,cut,2.2379
1782974031.4118903,,v0,2,2,4,441,classify,8.016
1782974036.646777,,v0,2,2,4,442,transcribe,5.1685
1782974036.6473606,,v0,2,2,4,442,segment,0.0
1782974040.803147,,v0,2,2,4,442,cut,4.1534
1782974048.8283668,,v0,2,2,4,442,classify,8.0243
1782974051.3006516,,v0,2,2,4,443,transcribe,2.4081
1782974051.3013809,,v0,2,2,4,443,segment,0.0
1782974053.4876165,,v0,2,2,4,443,cut,2.1846
1782974061.5077264,,v0,2,2,4,443,classify,8.0193
1782974064.8491108,,v0,2,2,4,444,transcribe,3.2782
1782974064.8498745,,v0,2,2,4,444,segment,0.0
1782974066.9849484,,v0,2,2,4,444,cut,2.1323
1782974075.0068097,,v0,2,2,4,444,classify,8.0209
1782974079.0481815,,v0,2,2,4,445,transcribe,3.2315
1782974079.048931,,v0,2,2,4,445,segment,0.0
1782974081.1825814,,v0,2,2,4,445,cut,2.13
1782974089.201343,,v0,2,2,4,445,classify,8.0179
1782974092.482554,,v0,2,2,4,446,transcribe,3.2167
1782974092.4831734,,v0,2,2,4,446,segment,0.0
1782974094.7795227,,v0,2,2,4,446,cut,2.2943
1782974102.8030396,,v0,2,2,4,446,classify,8.0222
1782974106.4576204,,v0,2,2,4,447,transcribe,3.2018
1782974106.4583445,,v0,2,2,4,447,segment,0.0
1782974108.6024058,,v0,2,2,4,447,cut,2.1422
1782974116.6234689,,v0,2,2,4,447,classify,8.02
1782974119.9324925,,v0,2,2,4,448,transcribe,3.2415
1782974119.9331195,,v0,2,2,4,448,segment,0.0
1782974122.1816,,v0,2,2,4,448,cut,2.2455
1782974130.2059624,,v0,2,2,4,448,classify,8.0232
1782974133.464398,,v0,2,2,4,449,transcribe,3.193
1782974133.4651337,,v0,2,2,4,449,segment,0.0
1782974135.6863754,,v0,2,2,4,449,cut,2.2192
1782974143.7055533,,v0,2,2,4,449,classify,8.018
1782974148.8462768,,v0,2,2,4,450,transcribe,5.0776
1782974148.8468366,,v0,2,2,4,450,segment,0.0
1782974153.0770838,,v0,2,2,4,450,cut,4.2279
1782974161.0992494,,v0,2,2,4,450,classify,8.0212
1782974165.0869355,,v0,2,2,4,451,transcribe,3.2492
1782974165.0877361,,v0,2,2,4,451,segment,0.0
1782974167.2958477,,v0,2,2,4,451,cut,2.2061
1782974175.3183746,,v0,2,2,4,451,classify,8.0213
1782974178.6276824,,v0,2,2,4,452,transcribe,3.2421
1782974178.628417,,v0,2,2,4,452,segment,0.0
1782974180.8446655,,v0,2,2,4,452,cut,2.2143
1782974188.866527,,v0,2,2,4,452,classify,8.0209
1782974192.1405635,,v0,2,2,4,453,transcribe,3.2088
1782974192.1411717,,v0,2,2,4,453,segment,0.0
1782974194.3920488,,v0,2,2,4,453,cut,2.2488
1782974202.4098601,,v0,2,2,4,453,classify,8.0168
1782974207.5650928,,v0,2,2,4,454,transcribe,5.0904
1782974207.565692,,v0,2,2,4,454,segment,0.0
1782974211.7875886,,v0,2,2,4,454,cut,4.2182
1782974219.8110332,,v0,2,2,4,454,classify,8.0224
1782974222.2070737,,v0,2,2,4,455,transcribe,2.3307
1782974222.2076647,,v0,2,2,4,455,segment,0.0
1782974224.3780441,,v0,2,2,4,455,cut,2.1687
1782974232.4078112,,v0,2,2,4,455,classify,8.0288
1782974235.7773075,,v0,2,2,4,456,transcribe,3.2979
1782974235.777929,,v0,2,2,4,456,segment,0.0
1782974237.9772556,,v0,2,2,4,456,cut,2.1971
1782974245.9955053,,v0,2,2,4,456,classify,8.0171
1782974249.2757678,,v0,2,2,4,457,transcribe,3.2139
1782974249.2764316,,v0,2,2,4,457,segment,0.0
1782974251.5520792,,v0,2,2,4,457,cut,2.273
1782974259.576144,,v0,2,2,4,457,classify,8.023
1782974262.8766007,,v0,2,2,4,458,transcribe,3.2332
1782974262.8794513,,v0,2,2,4,458,segment,0.0
1782974265.082575,,v0,2,2,4,458,cut,2.2011
1782974273.1088853,,v0,2,2,4,458,classify,8.0255
1782974296.2597837,,v1,2,2,4,459,transcribe,18.2833
1782974296.2617006,,v1,2,2,4,459,segment,0.0
1782974298.4085267,,v1,2,2,4,459,cut,2.1318
1782974304.3237772,,v1,2,2,4,459,classify,8.0264
1782974309.9424527,,v1,2,2,4,460,transcribe,4.6346
1782974309.9451175,,v1,2,2,4,460,segment,0.0
1782974312.8403578,,v1,2,2,4,460,cut,2.8916
1782974315.014288,,v1,2,2,4,461,transcribe,9.701
1782974315.014852,,v1,2,2,4,461,segment,0.0
1782974317.1967595,,v1,2,2,4,461,cut,2.1606
1782974317.974297,,v1,2,2,4,460,classify,8.0184
1782974323.0773787,,v1,2,2,4,461,classify,8.0232
1782974340.7636049,,v1,2,2,4,462,transcribe,17.0452
1782974340.7676458,,v1,2,2,4,462,segment,0.0
1782974341.8535538,,v1,2,2,4,463,transcribe,18.1339
1782974341.8595219,,v1,2,2,4,463,segment,0.0
1782974346.8462138,,v1,2,2,4,462,cut,5.9925
1782974347.6476011,,v1,2,2,4,463,cut,5.7102
1782974348.8827908,,v1,2,2,4,462,classify,8.016
1782974349.958713,,v1,2,2,4,463,classify,8.0119
1782974350.775931,,v1,2,2,4,464,transcribe,27.0533
1782974350.7767546,,v1,2,2,4,464,segment,0.0
1782974353.7995062,,v1,2,2,4,464,cut,3.0146
1782974355.3745563,,v1,2,2,4,465,transcribe,31.6493
1782974355.3751726,,v1,2,2,4,465,segment,0.0
1782974358.8077497,,v1,2,2,4,464,classify,8.0181
1782974359.571944,,v1,2,2,4,465,cut,4.1895
1782974363.4146247,,v1,2,2,4,465,classify,8.0275
1782974386.6548915,,v1,2,2,4,466,transcribe,22.4868
1782974386.6588428,,v1,2,2,4,466,segment,0.0
1782974386.9503233,,v1,2,2,4,468,transcribe,22.7806
1782974386.9510322,,v1,2,2,4,468,segment,0.0
1782974391.5601575,,v1,2,2,4,467,transcribe,27.3855
1782974391.5630078,,v1,2,2,4,467,segment,0.0
1782974392.9552956,,v1,2,2,4,468,cut,5.9989
1782974393.5444958,,v1,2,2,4,466,cut,6.8118
1782974394.692597,,v1,2,2,4,466,classify,8.0166
1782974394.975584,,v1,2,2,4,468,classify,8.0089
1782974396.246601,,v1,2,2,4,467,cut,4.5975
1782974399.696727,,v1,2,2,4,467,classify,8.0176
1782974405.7634788,,v1,2,2,4,469,transcribe,41.5875
1782974405.7652433,,v1,2,2,4,469,segment,0.0
1782974409.6626246,,v1,2,2,4,470,transcribe,16.2042
1782974409.740829,,v1,2,2,4,470,segment,0.0
1782974413.865502,,v1,2,2,4,469,classify,8.0175
1782974416.009089,,v1,2,2,4,469,cut,10.1717
1782974417.6479836,,v1,2,2,4,470,cut,7.8965
1782974417.773143,,v1,2,2,4,470,classify,8.0087
1782974419.5417736,,v1,2,2,4,471,transcribe,25.5801
1782974419.5459633,,v1,2,2,4,471,segment,0.0
1782974423.1684358,,v1,2,2,4,472,transcribe,26.6235
1782974423.1691806,,v1,2,2,4,472,segment,0.0
1782974423.2412508,,v1,2,2,4,471,cut,3.6897
1782974426.1988964,,v1,2,2,4,472,cut,2.9644
1782974427.5709946,,v1,2,2,4,471,classify,8.0126
1782974427.9137094,,v1,2,2,4,473,transcribe,11.5644
1782974427.9142532,,v1,2,2,4,473,segment,0.0
1782974430.2106814,,v1,2,2,4,473,cut,2.268
1782974431.2614532,,v1,2,2,4,472,classify,8.0193
1782974435.9681866,,v1,2,2,4,473,classify,8.0208
1782975184.9136293,,v0,2,2,4,474,transcribe,25.5659
1782975184.9164958,,v0,2,2,4,474,segment,0.0
1782975186.9221973,,v0,2,2,4,474,cut,2.0009
1782975226.5128243,,v0,2,2,4,474,classify,40.0275
1782975230.9213114,,v0,2,2,4,475,transcribe,3.3649
1782975230.9219902,,v0,2,2,4,475,segment,0.0
1782975232.8653908,,v0,2,2,4,475,cut,1.9412
1782975272.5594862,,v0,2,2,4,475,classify,40.0203
1782975276.0471187,,v0,2,2,4,476,transcribe,3.4064
1782975276.0478837,,v0,2,2,4,476,segment,0.0
1782975277.9279277,,v0,2,2,4,476,cut,1.9886
1782975317.7207818,,v0,2,2,4,476,classify,40.0216
1782975321.089211,,v0,2,2,4,477,transcribe,3.2933
1782975321.0898647,,v0,2,2,4,477,segment,0.0
1782975323.1032286,,v0,2,2,4,477,cut,2.0114
1782975362.7635307,,v0,2,2,4,477,classify,40.0235
1782975366.0815325,,v0,2,2,4,478,transcribe,3.245
1782975366.082131,,v0,2,2,4,478,segment,0.0
1782975367.9213364,,v0,2,2,4,478,cut,1.9464
1782975407.6011095,,v0,2,2,4,478,classify,40.0263
1782975411.0321805,,v0,2,2,4,479,transcribe,3.3335
1782975411.032669,,v0,2,2,4,479,segment,0.0
1782975412.9750423,,v0,2,2,4,479,cut,1.9403
1782975452.6627216,,v0,2,2,4,479,classify,40.0225
1782975476.5966117,,v1,2,2,4,480,transcribe,19.1329
1782975476.5993667,,v1,2,2,4,480,segment,0.0
1782975478.8436794,,v1,2,2,4,480,cut,2.2136
1782975496.55733,,v1,2,2,4,480,classify,20.0272
1782975501.7558491,,v1,2,2,4,481,transcribe,4.1709
1782975501.757915,,v1,2,2,4,481,segment,0.0
1782975504.2753162,,v1,2,2,4,481,cut,2.5148
1782975507.1229763,,v1,2,2,4,482,transcribe,9.5327
1782975507.1235557,,v1,2,2,4,482,segment,0.0
1782975509.293163,,v1,2,2,4,482,cut,2.2812
1782975521.560121,,v1,2,2,4,481,classify,20.0269
1782975526.950847,,v1,2,2,4,482,classify,20.0313
1782975539.0298855,,v1,2,2,4,484,transcribe,11.257
1782975539.0330148,,v1,2,2,4,484,segment,0.0
1782975539.1203084,,v1,2,2,4,483,transcribe,11.3487
1782975539.121709,,v1,2,2,4,483,segment,0.0
1782975544.5323896,,v1,2,2,4,484,cut,5.4926
1782975544.8702955,,v1,2,2,4,483,cut,5.7421
1782975546.9594646,,v1,2,2,4,485,transcribe,19.1851
1782975546.9601924,,v1,2,2,4,485,segment,0.0
1782975549.0772464,,v1,2,2,4,485,cut,2.2115
1782975558.9883242,,v1,2,2,4,484,classify,20.0442
1782975559.0682802,,v1,2,2,4,483,classify,20.0317
1782975566.927058,,v1,2,2,4,485,classify,20.0312
1782975614.3233151,,v0,2,2,4,486,transcribe,20.4418
1782975614.324407,,v0,2,2,4,486,segment,0.0
1782975616.3336246,,v0,2,2,4,486,cut,2.0042
1782975655.9199371,,v0,2,2,4,486,classify,40.0372
1782975660.316365,,v0,2,2,4,487,transcribe,3.3123
1782975660.3169577,,v0,2,2,4,487,segment,0.0
1782975662.2685118,,v0,2,2,4,487,cut,1.9494
1782975701.9571612,,v0,2,2,4,487,classify,40.0209
1782975705.6400323,,v0,2,2,4,488,transcribe,3.334
1782975705.6406815,,v0,2,2,4,488,segment,0.0
1782975707.6284573,,v0,2,2,4,488,cut,1.9858
1782975747.4278884,,v0,2,2,4,488,classify,40.0257
1782975750.8057961,,v0,2,2,4,489,transcribe,3.4085
1782975750.8064244,,v0,2,2,4,489,segment,0.0
1782975752.7970903,,v0,2,2,4,489,cut,1.988
1782975792.374889,,v0,2,2,4,489,classify,40.0238
1782975796.8674793,,v0,2,2,4,490,transcribe,3.2979
1782975796.8680701,,v0,2,2,4,490,segment,0.0
1782975798.7544258,,v0,2,2,4,490,cut,2.0058
1782975838.3400962,,v0,2,2,4,490,classify,40.0297
1782975841.6802485,,v0,2,2,4,491,transcribe,3.2675
1782975841.6808016,,v0,2,2,4,491,segment,0.0
1782975843.6812544,,v0,2,2,4,491,cut,1.9983
1782975883.2727551,,v0,2,2,4,491,classify,40.0247
1782975886.6439874,,v0,2,2,4,492,transcribe,3.2981
1782975886.6445942,,v0,2,2,4,492,segment,0.0
1782975888.5317605,,v0,2,2,4,492,cut,1.9961
1782975928.217084,,v0,2,2,4,492,classify,40.0261
1782975955.825739,,v1,2,2,4,493,transcribe,22.3669
1782975955.8284788,,v1,2,2,4,493,segment,0.0
1782975957.8557303,,v1,2,2,4,493,cut,2.0922
1782975975.692546,,v1,2,2,4,493,classify,20.0283
1782975979.4142878,,v1,2,2,4,494,transcribe,2.9194
1782975979.4169397,,v1,2,2,4,494,segment,0.0
1782975981.5697558,,v1,2,2,4,494,cut,2.1501
1782975999.3143857,,v1,2,2,4,494,classify,20.017
1782976003.913434,,v1,2,2,4,495,transcribe,4.1253
1782976003.9139645,,v1,2,2,4,495,segment,0.0
1782976006.7434676,,v1,2,2,4,495,cut,2.8266
1782976009.1164982,,v1,2,2,4,496,transcribe,9.4463
1782976009.117047,,v1,2,2,4,496,segment,0.0
1782976011.3121696,,v1,2,2,4,496,cut,2.1893
1782976023.7110925,,v1,2,2,4,495,classify,20.0276
1782976029.0527983,,v1,2,2,4,496,classify,20.0358
1782976040.4611647,,v1,2,2,4,497,transcribe,10.4199
1782976040.4627924,,v1,2,2,4,497,segment,0.0
1782976040.4642901,,v1,2,2,4,498,transcribe,10.4219
1782976040.4651966,,v1,2,2,4,498,segment,0.0
1782976045.7025533,,v1,2,2,4,498,cut,5.2311
1782976045.7412276,,v1,2,2,4,497,cut,5.2711
1782976048.2830186,,v1,2,2,4,499,transcribe,18.1994
1782976048.283826,,v1,2,2,4,499,segment,0.0
1782976050.600313,,v1,2,2,4,499,cut,2.3066
1782976060.3921938,,v1,2,2,4,497,classify,20.0282
1782976060.3959334,,v1,2,2,4,498,classify,20.0319
1782976068.1180468,,v1,2,2,4,499,classify,20.0342
1782976142.6204295,,v1,2,2,4,501,transcribe,22.9043
1782976142.6215053,,v1,2,2,4,501,segment,0.0
1782976142.8280146,,v1,2,2,4,500,transcribe,23.112
1782976142.8292255,,v1,2,2,4,500,segment,0.0
1782976147.1979756,,v1,2,2,4,501,cut,4.5657
1782976147.3284953,,v1,2,2,4,500,cut,4.489
1782976153.8818831,,v1,2,2,4,502,transcribe,6.6728
1782976153.8823924,,v1,2,2,4,502,segment,0.0
1782976156.9311814,,v1,2,2,4,502,cut,3.0456
1782976160.382608,,v1,2,2,4,503,transcribe,13.2393
1782976160.3831635,,v1,2,2,4,503,segment,0.0
1782976162.408626,,v1,2,2,4,501,classify,20.0135
1782976162.6125426,,v1,2,2,4,500,classify,20.0111
1782976165.2507875,,v1,2,2,4,504,transcribe,8.3508
1782976165.2532327,,v1,2,2,4,504,segment,0.0
1782976166.245889,,v1,2,2,4,503,cut,5.8597
1782976168.7026658,,v1,2,2,4,504,cut,3.5533
1782976171.0690598,,v1,2,2,4,505,transcribe,4.7142
1782976171.0696812,,v1,2,2,4,505,segment,0.0
1782976173.3052053,,v1,2,2,4,505,cut,2.2327
1782976173.6950586,,v1,2,2,4,502,classify,20.0222
1782976180.1946409,,v1,2,2,4,503,classify,20.0277
1782976185.0451846,,v1,2,2,4,504,classify,20.023
1782976190.9633546,,v1,2,2,4,505,classify,20.02
1782976225.0935826,,v1,2,2,4,507,transcribe,22.4402
1782976225.0981584,,v1,2,2,4,507,segment,0.0
1782976225.2169394,,v1,2,2,4,506,transcribe,22.5637
1782976225.2177777,,v1,2,2,4,506,segment,0.0
1782976229.475459,,v1,2,2,4,507,cut,4.4643
1782976229.7307978,,v1,2,2,4,506,cut,4.5446
1782976236.5087612,,v1,2,2,4,508,transcribe,6.8233
1782976236.51305,,v1,2,2,4,508,segment,0.0
1782976239.4434862,,v1,2,2,4,508,cut,3.0027
1782976243.2701528,,v1,2,2,4,509,transcribe,13.5971
1782976243.2706869,,v1,2,2,4,509,segment,0.0
1782976244.9096243,,v1,2,2,4,507,classify,20.014
1782976245.0859723,,v1,2,2,4,506,classify,20.0123
1782976248.0539286,,v1,2,2,4,510,transcribe,8.6762
1782976248.0568297,,v1,2,2,4,510,segment,0.0
1782976249.6282778,,v1,2,2,4,509,cut,6.4727
1782976252.0870042,,v1,2,2,4,510,cut,3.9536
1782976254.740152,,v1,2,2,4,511,transcribe,4.8891
1782976254.740768,,v1,2,2,4,511,segment,0.0
1782976256.3574722,,v1,2,2,4,508,classify,20.0193
1782976256.8988302,,v1,2,2,4,511,cut,2.1539
1782976263.0921237,,v1,2,2,4,509,classify,20.0323
1782976267.9443052,,v1,2,2,4,510,classify,20.0228
1782976274.5460498,,v1,2,2,4,511,classify,20.0256
1782976320.9535627,,v1,2,2,4,514,transcribe,34.5367
1782976320.957529,,v1,2,2,4,514,segment,0.0001
1782976321.0676994,,v1,2,2,4,512,transcribe,34.6507
1782976321.0704987,,v1,2,2,4,512,segment,0.0
1782976321.967085,,v1,2,2,4,513,transcribe,35.5502
1782976321.969068,,v1,2,2,4,513,segment,0.0
1782976327.4239883,,v1,2,2,4,514,cut,6.5762
1782976328.1247485,,v1,2,2,4,512,cut,7.1025
1782976328.4661183,,v1,2,2,4,513,cut,6.5261
1782976337.028726,,v1,2,2,4,516,transcribe,8.6859
1782976337.0323243,,v1,2,2,4,516,segment,0.0
1782976340.741129,,v1,2,2,4,514,classify,20.021
1782976340.9225252,,v1,2,2,4,512,classify,20.0125
1782976341.7782285,,v1,2,2,4,516,cut,4.8835
1782976341.8252006,,v1,2,2,4,513,classify,20.0096
1782976342.669192,,v1,2,2,4,517,transcribe,14.1824
1782976342.6699948,,v1,2,2,4,517,segment,0.0
1782976345.6281664,,v1,2,2,4,517,cut,2.9547
1782976346.7876554,,v1,2,2,4,515,transcribe,19.0017
1782976346.788187,,v1,2,2,4,515,segment,0.0
1782976350.7850106,,v1,2,2,4,515,cut,4.1369
1782976356.7934802,,v1,2,2,4,516,classify,20.0259
1782976362.4176779,,v1,2,2,4,517,classify,20.0278
1782976366.5328603,,v1,2,2,4,515,classify,20.0297
1782976409.0272253,,v1,2,2,4,518,transcribe,31.0846
1782976409.0293412,,v1,2,2,4,518,segment,0.0
1782976409.2239895,,v1,2,2,4,520,transcribe,31.2807
1782976409.2271042,,v1,2,2,4,520,segment,0.0
1782976410.1314838,,v1,2,2,4,519,transcribe,32.1877
1782976410.1328204,,v1,2,2,4,519,segment,0.0
1782976416.3297303,,v1,2,2,4,518,cut,7.2065
1782976416.433079,,v1,2,2,4,520,cut,7.1834
1782976416.528712,,v1,2,2,4,519,cut,6.2773
1782976424.9998674,,v1,2,2,4,522,transcribe,8.5935
1782976425.0006106,,v1,2,2,4,522,segment,0.0
1782976428.873214,,v1,2,2,4,518,classify,20.0193
1782976428.9998457,,v1,2,2,4,520,classify,20.0125
1782976429.8361568,,v1,2,2,4,522,cut,4.9774
1782976429.9943945,,v1,2,2,4,519,classify,20.0124
1782976430.4364572,,v1,2,2,4,523,transcribe,14.1479
1782976430.4372067,,v1,2,2,4,523,segment,0.0
1782976433.3939648,,v1,2,2,4,523,cut,2.9526
1782976434.598271,,v1,2,2,4,521,transcribe,18.3524
1782976434.598831,,v1,2,2,4,521,segment,0.0
1782976438.6574073,,v1,2,2,4,521,cut,4.2013
1782976444.752571,,v1,2,2,4,522,classify,20.0253
1782976450.1976826,,v1,2,2,4,523,classify,20.0231
1782976454.3509302,,v1,2,2,4,521,classify,20.0211
1782976504.316297,,v1,2,2,4,526,transcribe,38.9223
1782976504.318076,,v1,2,2,4,526,segment,0.0
1782976504.5235095,,v1,2,2,4,525,transcribe,39.1294
1782976504.6017106,,v1,2,2,4,525,segment,0.0
1782976505.4067018,,v1,2,2,4,524,transcribe,40.0098
1782976505.4088802,,v1,2,2,4,524,segment,0.0
1782976512.3819835,,v1,2,2,4,526,cut,8.118
1782976512.9611456,,v1,2,2,4,524,cut,7.6023
1782976516.041728,,v1,2,2,4,528,transcribe,22.6693
1782976516.0423198,,v1,2,2,4,528,segment,0.0
1782976518.7346919,,v1,2,2,4,528,cut,2.8214
1782976524.195282,,v1,2,2,4,526,classify,20.049
1782976524.4045734,,v1,2,2,4,525,classify,20.0387
1782976525.2890823,,v1,2,2,4,524,classify,20.0435
1782976535.8119533,,v1,2,2,4,528,classify,20.0219
1782976667.1092713,,v1,2,2,4,530,transcribe,41.6804
1782976667.1210942,,v1,2,2,4,530,segment,0.0001
1782976671.2663848,,v1,2,2,4,530,cut,4.1802
1782976674.6627564,,v1,2,2,4,533,transcribe,49.3799
1782976674.664555,,v1,2,2,4,533,segment,0.0
1782976681.8247201,,v1,2,2,4,533,cut,7.263
1782976686.9998171,,v1,2,2,4,530,classify,20.0262
1782976694.46069,,v1,2,2,4,533,classify,20.0256
1782976817.5784185,,v1,2,2,4,538,transcribe,32.5736
1782976817.5834918,,v1,2,2,4,538,segment,0.0
1782976820.1876156,,v1,2,2,4,536,transcribe,35.1842
1782976820.189587,,v1,2,2,4,536,segment,0.0
1782976821.2931356,,v1,2,2,4,538,cut,3.6963
1782976823.6316173,,v1,2,2,4,536,cut,3.3394
1782976825.8095434,,v1,2,2,4,541,transcribe,17.1303
1782976825.810146,,v1,2,2,4,541,segment,0.0
1782976827.7734845,,v1,2,2,4,541,cut,2.115
1782976837.3174534,,v1,2,2,4,538,classify,20.0197
1782976840.0248942,,v1,2,2,4,536,classify,20.0302
1782976845.5446527,,v1,2,2,4,541,classify,20.0268
1782976977.3680089,,v1,2,2,4,543,transcribe,32.4089
1782976977.3729403,,v1,2,2,4,543,segment,0.0
1782976977.3015342,,v1,2,2,4,544,transcribe,32.4912
1782976977.3027012,,v1,2,2,4,544,segment,0.0
1782976982.5016832,,v1,2,2,4,543,cut,5.2042
1782976982.5041347,,v1,2,2,4,544,cut,5.1892
1782976984.9502456,,v1,2,2,4,547,transcribe,16.9469
1782976984.950837,,v1,2,2,4,547,segment,0.0
1782976987.1680982,,v1,2,2,4,547,cut,2.2114
1782976997.1938252,,v1,2,2,4,543,classify,20.0298
1782976997.203997,,v1,2,2,4,544,classify,20.0216
1782977004.6943376,,v1,2,2,4,547,classify,20.0338
1782977133.5393853,,v1,2,2,4,551,transcribe,29.6109
1782977133.540301,,v1,2,2,4,551,segment,0.0
1782977137.493291,,v1,2,2,4,551,cut,4.125
1782977153.2573812,,v1,2,2,4,551,classify,20.0342
1782977300.4027343,,v1,2,2,4,556,transcribe,37.3256
1782977300.4051101,,v1,2,2,4,556,segment,0.0
1782977300.518625,,v1,2,2,4,559,transcribe,37.4371
1782977300.521465,,v1,2,2,4,559,segment,0.0001
1782977305.1749022,,v1,2,2,4,556,cut,4.6834
1782977305.3560715,,v1,2,2,4,559,cut,4.7618
1782977320.2003381,,v1,2,2,4,556,classify,20.0322
1782977320.2803195,,v1,2,2,4,559,classify,20.0214
1782977451.255961,,v1,2,2,4,564,transcribe,29.1013
1782977451.2596893,,v1,2,2,4,564,segment,0.0
1782977454.7396655,,v1,2,2,4,564,cut,3.4631
1782977454.9614995,,v1,2,2,4,565,transcribe,32.8095
1782977454.9620395,,v1,2,2,4,565,segment,0.0
1782977457.1991572,,v1,2,2,4,565,cut,2.2203
1782977470.9403625,,v1,2,2,4,564,classify,20.0375
1782977474.6384153,,v1,2,2,4,565,classify,20.0357
1782977613.477837,,v1,2,2,4,568,transcribe,32.5082
1782977613.4815207,,v1,2,2,4,568,segment,0.0
1782977614.154525,,v1,2,2,4,566,transcribe,33.186
1782977614.1561604,,v1,2,2,4,566,segment,0.0
1782977617.5574515,,v1,2,2,4,568,cut,4.1937
1782977618.1239076,,v1,2,2,4,566,cut,4.0791
1782977633.2337074,,v1,2,2,4,568,classify,20.0296
1782977633.8349113,,v1,2,2,4,566,classify,20.0174
1782977766.859954,,v1,2,2,4,573,transcribe,26.2463
1782977766.8619218,,v1,2,2,4,573,segment,0.0
1782977766.985479,,v1,2,2,4,572,transcribe,26.3738
1782977766.9882789,,v1,2,2,4,572,segment,0.0001
1782977771.4866107,,v1,2,2,4,573,cut,4.7783
1782977771.627921,,v1,2,2,4,572,cut,4.7349
1782977778.2961185,,v1,2,2,4,574,transcribe,6.8597
1782977778.2991588,,v1,2,2,4,574,segment,0.0
1782977781.2505162,,v1,2,2,4,574,cut,2.9479
1782977786.5746102,,v1,2,2,4,573,classify,20.0253
1782977786.7630782,,v1,2,2,4,572,classify,20.0281
1782977787.189851,,v1,2,2,4,577,transcribe,5.888
1782977787.1936486,,v1,2,2,4,577,segment,0.0
1782977789.818051,,v1,2,2,4,577,cut,2.7973
1782977791.339326,,v1,2,2,4,576,transcribe,10.9524
1782977791.3399715,,v1,2,2,4,576,segment,0.0
1782977793.5438204,,v1,2,2,4,576,cut,2.1918
1782977797.9809291,,v1,2,2,4,574,classify,20.0395
1782977806.879097,,v1,2,2,4,577,classify,20.0315
1782977811.0312567,,v1,2,2,4,576,classify,20.0371
1782977929.429026,,v1,2,2,4,579,transcribe,29.7481
1782977929.4342146,,v1,2,2,4,579,segment,0.0
1782977929.5286143,,v1,2,2,4,578,transcribe,29.8505
1782977929.5293436,,v1,2,2,4,578,segment,0.0
1782977934.0124562,,v1,2,2,4,579,cut,4.5647
1782977934.0661163,,v1,2,2,4,578,cut,4.5266
1782977940.5511322,,v1,2,2,4,580,transcribe,6.6825
1782977940.5518508,,v1,2,2,4,580,segment,0.0
1782977949.0799913,,v1,2,2,4,579,classify,20.013
1782977949.1690855,,v1,2,2,4,578,classify,20.0113
1782977950.5512497,,v1,2,2,4,582,transcribe,9.3073
1782977950.5518887,,v1,2,2,4,582,segment,0.0
1782977954.0433524,,v1,2,2,4,582,cut,3.4847
1782977954.2307267,,v1,2,2,4,583,transcribe,11.4094
1782977954.2312632,,v1,2,2,4,583,segment,0.0
1782977956.372082,,v1,2,2,4,583,cut,2.1342
1782977960.214445,,v1,2,2,4,580,classify,20.0268
1782977970.2045164,,v1,2,2,4,582,classify,20.0236
1782977973.894356,,v1,2,2,4,583,classify,20.0349
1782978090.1372101,,v1,2,2,4,588,transcribe,9.5144
1782978090.141529,,v1,2,2,4,588,segment,0.0
1782978093.90646,,v1,2,2,4,588,cut,3.7067
1782978094.1461406,,v1,2,2,4,587,transcribe,18.5443
1782978094.146657,,v1,2,2,4,587,segment,0.0
1782978098.1579008,,v1,2,2,4,587,cut,4.1953
1782978109.86537,,v1,2,2,4,588,classify,20.0297
1782978113.8502402,,v1,2,2,4,587,classify,20.0671
1782978255.5813053,,v1,2,2,4,595,transcribe,11.5312
1782978255.5824857,,v1,2,2,4,595,segment,0.0
1782978257.781875,,v1,2,2,4,595,cut,2.3697
1782978275.299616,,v1,2,2,4,595,classify,20.0442
1782978406.3628404,,v1,2,2,4,600,transcribe,10.7079
1782978406.365474,,v1,2,2,4,600,segment,0.0
1782978409.5223076,,v1,2,2,4,600,cut,3.2682
1782978410.4374866,,v1,2,2,4,601,transcribe,11.5912
1782978410.4380097,,v1,2,2,4,601,segment,0.0
1782978412.5894356,,v1,2,2,4,601,cut,2.1455
1782978426.1239395,,v1,2,2,4,600,classify,20.0331
1782978430.1248233,,v1,2,2,4,601,classify,20.0432
1782978570.409525,,v1,2,2,4,606,transcribe,10.2128
1782978570.4120576,,v1,2,2,4,606,segment,0.0
1782978573.668094,,v1,2,2,4,606,cut,3.2027
1782978574.3923843,,v1,2,2,4,607,transcribe,12.0996
1782978574.3929062,,v1,2,2,4,607,segment,0.0
1782978576.5280511,,v1,2,2,4,607,cut,2.13
1782978590.112753,,v1,2,2,4,606,classify,20.0324
1782978594.0428784,,v1,2,2,4,607,classify,20.0261
1782978721.2267187,,v1,2,2,4,613,transcribe,20.6227
1782978721.227285,,v1,2,2,4,613,segment,0.0
1782978723.3357246,,v1,2,2,4,613,cut,2.1033
1782978740.8852065,,v1,2,2,4,613,classify,20.0278
1782978881.231045,,v1,2,2,4,615,transcribe,29.2045
1782978881.2362669,,v1,2,2,4,615,segment,0.0
1782978881.4282768,,v1,2,2,4,619,transcribe,21.2771
1782978881.4309676,,v1,2,2,4,619,segment,0.0001
1782978886.1102386,,v1,2,2,4,615,cut,4.8573
1782978886.1815221,,v1,2,2,4,619,cut,4.656
1782978900.8749993,,v1,2,2,4,615,classify,20.0224
1782978901.1534681,,v1,2,2,4,619,classify,20.026
1782979041.9472888,,v1,2,2,4,621,transcribe,29.2124
1782979041.9492922,,v1,2,2,4,621,segment,0.0
1782979042.4517229,,v1,2,2,4,620,transcribe,29.7063
1782979042.4530137,,v1,2,2,4,620,segment,0.0
1782979046.2501848,,v1,2,2,4,621,cut,4.2909
1782979046.7211597,,v1,2,2,4,620,cut,4.2563
1782979061.867678,,v1,2,2,4,621,classify,20.0235
1782979062.3750005,,v1,2,2,4,620,classify,20.0277
1782980973.1023524,,v1,2,2,4,627,transcribe,2.315
1782980973.102507,,v1,2,2,4,631,transcribe,2.3026
1782980973.1031532,,v1,2,2,4,626,transcribe,2.3187
1782980973.108604,,v1,2,2,4,630,transcribe,2.3223
1782980973.110031,,v1,2,2,4,628,transcribe,2.3248
1782980973.1112847,,v1,2,2,4,629,transcribe,2.3267
1782982000.745047,,v1,2,2,4,636,transcribe,37.6086
1782982000.747809,,v1,2,2,4,636,segment,0.0
1782982004.4132524,,v1,2,2,4,636,cut,3.6084
1782982004.5578094,,v1,2,2,4,634,transcribe,41.4201
1782982004.558298,,v1,2,2,4,634,segment,0.0
1782982006.695397,,v1,2,2,4,634,cut,2.2405
1782982020.6194732,,v1,2,2,4,636,classify,20.0279
1782982024.384245,,v1,2,2,4,634,classify,20.0334
1782982159.4481335,,v1,2,2,4,640,transcribe,36.1274
1782982159.4541879,,v1,2,2,4,640,segment,0.0
1782982159.557391,,v1,2,2,4,643,transcribe,36.2364
1782982159.5580273,,v1,2,2,4,643,segment,0.0
1782982163.9395244,,v1,2,2,4,640,cut,4.4156
1782982164.1133044,,v1,2,2,4,643,cut,4.4904
1782982179.3376052,,v1,2,2,4,640,classify,20.0272
1782982179.429044,,v1,2,2,4,643,classify,20.0236
1782982316.707673,,v1,2,2,4,645,transcribe,22.622
1782982316.7089205,,v1,2,2,4,645,segment,0.0
1782982317.111746,,v1,2,2,4,644,transcribe,23.0273
1782982317.1151416,,v1,2,2,4,644,segment,0.0
1782982321.0049405,,v1,2,2,4,645,cut,4.286
1782982321.6220608,,v1,2,2,4,644,cut,4.4142
1782982328.1395814,,v1,2,2,4,646,transcribe,6.9263
1782982328.1412659,,v1,2,2,4,646,segment,0.0
1782982331.155043,,v1,2,2,4,646,cut,2.9552
1782982334.9364207,,v1,2,2,4,647,transcribe,13.2334
1782982334.937056,,v1,2,2,4,647,segment,0.0
1782982336.6161387,,v1,2,2,4,645,classify,20.0156
1782982337.1042283,,v1,2,2,4,644,classify,20.0196
1782982338.958785,,v1,2,2,4,648,transcribe,7.8597
1782982338.9612756,,v1,2,2,4,648,segment,0.0
1782982341.009607,,v1,2,2,4,647,cut,6.1566
1782982342.8770988,,v1,2,2,4,648,cut,3.9086
1782982345.400831,,v1,2,2,4,649,transcribe,4.1405
1782982345.4014268,,v1,2,2,4,649,segment,0.0
1782982347.6099308,,v1,2,2,4,649,cut,2.2052
1782982348.0960748,,v1,2,2,4,646,classify,20.0203
1782982354.8958697,,v1,2,2,4,647,classify,20.0297
1782982358.8683834,,v1,2,2,4,648,classify,20.0239
1782982365.301085,,v1,2,2,4,649,classify,20.0239
1782982399.796198,,v1,2,2,4,651,transcribe,22.5578
1782982399.7970605,,v1,2,2,4,651,segment,0.0
1782982399.8865948,,v1,2,2,4,650,transcribe,22.6494
1782982399.8883085,,v1,2,2,4,650,segment,0.0
1782982404.2897239,,v1,2,2,4,651,cut,4.4789
1782982404.4458463,,v1,2,2,4,650,cut,4.5475
1782982411.4160137,,v1,2,2,4,652,transcribe,6.993
1782982411.4172113,,v1,2,2,4,652,segment,0.0
1782982414.5834615,,v1,2,2,4,652,cut,3.1611
1782982418.144696,,v1,2,2,4,653,transcribe,13.7813
1782982418.1457086,,v1,2,2,4,653,segment,0.0
1782982419.6972747,,v1,2,2,4,651,classify,20.0179
1782982419.778655,,v1,2,2,4,650,classify,20.0136
1782982422.7577684,,v1,2,2,4,654,transcribe,8.2651
1782982422.7588973,,v1,2,2,4,654,segment,0.0
1782982424.3075535,,v1,2,2,4,653,cut,6.1551
1782982426.4293256,,v1,2,2,4,654,cut,3.7828
1782982428.888942,,v1,2,2,4,655,transcribe,4.467
1782982428.8895326,,v1,2,2,4,655,segment,0.0
1782982431.0846388,,v1,2,2,4,655,cut,2.1922
1782982431.2038162,,v1,2,2,4,652,classify,20.0263
1782982437.9599595,,v1,2,2,4,653,classify,20.0267
1782982442.558097,,v1,2,2,4,654,classify,20.0197
1782982448.7006197,,v1,2,2,4,655,classify,20.024
1782982488.5784423,,v1,2,2,4,657,transcribe,28.597
1782982488.5823674,,v1,2,2,4,657,segment,0.0
1782982488.783277,,v1,2,2,4,656,transcribe,28.8018
1782982488.7843266,,v1,2,2,4,656,segment,0.0
1782982488.786541,,v1,2,2,4,658,transcribe,28.8068
1782982488.7872412,,v1,2,2,4,658,segment,0.0
1782982495.454277,,v1,2,2,4,658,cut,6.7772
1782982495.5512218,,v1,2,2,4,657,cut,7.0727
1782982495.7052734,,v1,2,2,4,656,cut,7.029
1782982504.162001,,v1,2,2,4,660,transcribe,8.475
1782982504.1627,,v1,2,2,4,660,segment,0.0
1782982508.3915038,,v1,2,2,4,657,classify,20.0141
1782982508.5970368,,v1,2,2,4,656,classify,20.0183
1782982508.5964856,,v1,2,2,4,658,classify,20.0183
1782982509.0457315,,v1,2,2,4,660,cut,4.993
1782982509.7720041,,v1,2,2,4,661,transcribe,14.1139
1782982509.773785,,v1,2,2,4,661,segment,0.0
1782982512.6955547,,v1,2,2,4,661,cut,2.918
1782982513.8735604,,v1,2,2,4,659,transcribe,18.3137
1782982513.8741312,,v1,2,2,4,659,segment,0.0
1782982517.9012318,,v1,2,2,4,659,cut,4.1314
1782982523.981282,,v1,2,2,4,660,classify,20.0226
1782982529.5869102,,v1,2,2,4,661,classify,20.0239
1782982533.6829958,,v1,2,2,4,659,classify,20.0229
1782982583.502945,,v1,2,2,4,662,transcribe,38.6882
1782982583.5088432,,v1,2,2,4,662,segment,0.0
1782982583.809192,,v1,2,2,4,663,transcribe,38.9943
1782982583.8150277,,v1,2,2,4,663,segment,0.0
1782982588.800909,,v1,2,2,4,664,transcribe,44.0997
1782982588.801907,,v1,2,2,4,664,segment,0.0
1782982588.8285346,,v1,2,2,4,663,cut,5.0398
1782982588.8320768,,v1,2,2,4,662,cut,5.3512
1782982592.1721146,,v1,2,2,4,664,cut,3.3596
1782982599.1010303,,v1,2,2,4,666,transcribe,10.1236
1782982599.103817,,v1,2,2,4,666,segment,0.0
1782982603.5177183,,v1,2,2,4,662,classify,20.0165
1782982603.8162744,,v1,2,2,4,663,classify,20.0127
1782982603.9777336,,v1,2,2,4,666,cut,4.8712
1782982605.2097166,,v1,2,2,4,667,transcribe,12.9225
1782982605.2103117,,v1,2,2,4,667,segment,0.0
1782982608.0022125,,v1,2,2,4,667,cut,2.919
1782982608.7065613,,v1,2,2,4,664,classify,20.0117
1782982609.2025204,,v1,2,2,4,665,transcribe,20.3512
1782982609.2029963,,v1,2,2,4,665,segment,0.0
1782982613.3990793,,v1,2,2,4,665,cut,4.1935
1782982618.8995686,,v1,2,2,4,666,classify,20.0243
1782982624.9940703,,v1,2,2,4,667,classify,20.0176
1782982629.003927,,v1,2,2,4,665,classify,20.0272
1782982678.272427,,v1,2,2,4,670,transcribe,37.4286
1782982678.2771962,,v1,2,2,4,670,segment,0.0
1782982681.745517,,v1,2,2,4,670,cut,3.3972
1782982684.1665761,,v1,2,2,4,672,transcribe,20.0159
1782982684.167065,,v1,2,2,4,672,segment,0.0
1782982686.9922457,,v1,2,2,4,672,cut,2.8189
1782982689.5054872,,v1,2,2,4,673,transcribe,11.4431
1782982689.507173,,v1,2,2,4,673,segment,0.0
1782982691.7064884,,v1,2,2,4,673,cut,2.1939
1782982698.2676928,,v1,2,2,4,670,classify,20.0292
1782982704.0836697,,v1,2,2,4,672,classify,20.0269
1782982709.2979934,,v1,2,2,4,673,classify,20.0241
1782982837.464013,,v1,2,2,4,677,transcribe,36.2763
1782982837.47142,,v1,2,2,4,677,segment,0.0
1782982845.2524064,,v1,2,2,4,677,cut,7.6892
1782982847.1747785,,v1,2,2,4,678,transcribe,17.6122
1782982847.1757154,,v1,2,2,4,678,segment,0.0
1782982850.6562514,,v1,2,2,4,678,cut,3.41
1782982850.9460647,,v1,2,2,4,679,transcribe,21.383
1782982850.946902,,v1,2,2,4,679,segment,0.0
1782982853.0909605,,v1,2,2,4,679,cut,2.118
1782982857.4148958,,v1,2,2,4,677,classify,20.0447
1782982867.0644855,,v1,2,2,4,678,classify,20.02
1782982870.795533,,v1,2,2,4,679,classify,20.0293
1782982993.1886208,,v1,2,2,4,684,transcribe,31.925
1782982993.1915414,,v1,2,2,4,684,segment,0.0
1782982998.393641,,v1,2,2,4,684,cut,5.2479
1782983000.8847935,,v1,2,2,4,685,transcribe,19.2129
1782983000.8853834,,v1,2,2,4,685,segment,0.0
1782983003.0964031,,v1,2,2,4,685,cut,2.2051
1782983013.0520802,,v1,2,2,4,684,classify,20.0201
1782983020.6548886,,v1,2,2,4,685,classify,20.0208
1782983151.0931876,,v1,2,2,4,688,transcribe,30.3997
1782983151.0965538,,v1,2,2,4,688,segment,0.0
1782983151.2713273,,v1,2,2,4,686,transcribe,30.576
1782983151.275229,,v1,2,2,4,686,segment,0.0
1782983156.302653,,v1,2,2,4,688,cut,5.2486
1782983156.302493,,v1,2,2,4,686,cut,5.1417
1782983158.5585217,,v1,2,2,4,691,transcribe,17.6963
1782983158.5591476,,v1,2,2,4,691,segment,0.0
1782983160.7429223,,v1,2,2,4,691,cut,2.1778
1782983170.9862847,,v1,2,2,4,688,classify,20.032
1782983171.0817006,,v1,2,2,4,686,classify,20.0237
1782983178.3480673,,v1,2,2,4,691,classify,20.0249
1782983315.578257,,v1,2,2,4,696,transcribe,35.2936
1782983315.5792873,,v1,2,2,4,696,segment,0.0
1782983320.763097,,v1,2,2,4,696,cut,5.1001
1782983321.0729606,,v1,2,2,4,692,transcribe,40.7865
1782983321.073601,,v1,2,2,4,692,segment,0.0
1782983323.9879282,,v1,2,2,4,692,cut,2.8984
1782983325.367674,,v1,2,2,4,695,transcribe,45.189
1782983325.3682504,,v1,2,2,4,695,segment,0.0
1782983329.5025973,,v1,2,2,4,695,cut,4.125
1782983335.499759,,v1,2,2,4,696,classify,20.0289
1782983340.9172864,,v1,2,2,4,692,classify,20.0252
1782983345.3244088,,v1,2,2,4,695,classify,20.0255
1782983628.8410375,,v1,2,2,4,704,transcribe,29.0272
1782983628.8437405,,v1,2,2,4,704,segment,0.0
1782983630.9508107,,v1,2,2,4,704,cut,2.1
1782983648.6202993,,v1,2,2,4,704,classify,20.0323
1782983792.402802,,v1,2,2,4,714,transcribe,33.1022
1782983792.4068458,,v1,2,2,4,714,segment,0.0
1782983797.6596937,,v1,2,2,4,714,cut,5.3084
1782983798.1555514,,v1,2,2,4,715,transcribe,38.9044
1782983798.1572204,,v1,2,2,4,715,segment,0.0
1782983798.5583222,,v1,2,2,4,710,transcribe,39.306
1782983798.5592864,,v1,2,2,4,710,segment,0.0
1782983802.652157,,v1,2,2,4,715,cut,4.4701
1782983802.9050756,,v1,2,2,4,710,cut,4.2569
1782983812.273484,,v1,2,2,4,714,classify,20.0274
1782983817.9864087,,v1,2,2,4,715,classify,20.0357
1782983818.379326,,v1,2,2,4,710,classify,20.0222
1782983944.610663,,v1,2,2,4,716,transcribe,25.126
1782983944.61478,,v1,2,2,4,716,segment,0.0
1782983944.804731,,v1,2,2,4,717,transcribe,25.3178
1782983944.8054385,,v1,2,2,4,717,segment,0.0
1782983949.5842392,,v1,2,2,4,716,cut,5.042
1782983949.5860426,,v1,2,2,4,717,cut,4.9135
1782983956.6006658,,v1,2,2,4,718,transcribe,7.1012
1782983956.6016934,,v1,2,2,4,718,segment,0.0
1782983964.4537072,,v1,2,2,4,716,classify,20.0294
1782983964.5731812,,v1,2,2,4,717,classify,20.0239
1782983965.6625104,,v1,2,2,4,720,transcribe,7.8069
1782983965.663843,,v1,2,2,4,720,segment,0.0
1782983969.243509,,v1,2,2,4,720,cut,3.5697
1782983969.5809684,,v1,2,2,4,721,transcribe,11.7161
1782983969.5842257,,v1,2,2,4,721,segment,0.0001
1782983972.3006673,,v1,2,2,4,721,cut,2.6796
1782983976.4210649,,v1,2,2,4,718,classify,20.0395
1782983985.4686387,,v1,2,2,4,720,classify,20.033
1782983989.4322321,,v1,2,2,4,721,classify,20.0426
1782984100.360436,,v1,2,2,4,722,transcribe,20.3923
1782984100.3613648,,v1,2,2,4,722,segment,0.0
1782984100.3858747,,v1,2,2,4,723,transcribe,20.4151
1782984100.3869786,,v1,2,2,4,723,segment,0.0
1782984104.915785,,v1,2,2,4,722,cut,4.544
1782984104.915767,,v1,2,2,4,723,cut,4.5226
1782984111.5290654,,v1,2,2,4,724,transcribe,6.7026
1782984111.5297985,,v1,2,2,4,724,segment,0.0
1782984114.0682046,,v1,2,2,4,724,cut,2.5349
1782984118.7136712,,v1,2,2,4,727,transcribe,4.7187
1782984118.714289,,v1,2,2,4,727,segment,0.0
1782984120.137139,,v1,2,2,4,722,classify,20.012
1782984120.1504502,,v1,2,2,4,723,classify,20.0089
1782984121.5515804,,v1,2,2,4,727,cut,2.8343
1782984122.6899154,,v1,2,2,4,726,transcribe,9.4802
1782984122.690435,,v1,2,2,4,726,segment,0.0
1782984124.8581476,,v1,2,2,4,726,cut,2.1624
1782984131.3143716,,v1,2,2,4,724,classify,20.0223
1782984138.4914763,,v1,2,2,4,727,classify,20.0216
1782984142.459569,,v1,2,2,4,726,classify,20.0206
1782984270.8913958,,v1,2,2,4,732,transcribe,8.4333
1782984270.8970516,,v1,2,2,4,732,segment,0.0
1782984274.4305415,,v1,2,2,4,732,cut,3.5246
1782984277.8830154,,v1,2,2,4,733,transcribe,10.8507
1782984277.8835006,,v1,2,2,4,733,segment,0.0
1782984280.0852592,,v1,2,2,4,733,cut,2.1965
1782984290.6755805,,v1,2,2,4,732,classify,20.0421
1782984297.6457016,,v1,2,2,4,733,classify,20.0331
1782984434.182665,,v1,2,2,4,738,transcribe,9.3951
1782984434.187221,,v1,2,2,4,738,segment,0.0
1782984437.631579,,v1,2,2,4,738,cut,3.5698
1782984437.7579007,,v1,2,2,4,739,transcribe,13.1014
1782984437.7583902,,v1,2,2,4,739,segment,0.0
1782984439.8930821,,v1,2,2,4,739,cut,2.1296
1782984453.9519157,,v1,2,2,4,738,classify,20.0238
1782984457.5007567,,v1,2,2,4,739,classify,20.0201
1782984583.4669566,,v1,2,2,4,744,transcribe,7.844
1782984583.4674954,,v1,2,2,4,744,segment,0.0
1782984585.5219479,,v1,2,2,4,744,cut,2.1963
1782984603.2193038,,v1,2,2,4,744,classify,20.0282
1782984745.1635916,,v1,2,2,4,750,transcribe,9.4717
1782984745.1643713,,v1,2,2,4,750,segment,0.0
1782984748.217571,,v1,2,2,4,750,cut,3.1977
1782984749.8152988,,v1,2,2,4,751,transcribe,9.5828
1782984749.8158338,,v1,2,2,4,751,segment,0.0
1782984751.968357,,v1,2,2,4,751,cut,2.1466
1782984764.9026978,,v1,2,2,4,750,classify,20.0233
1782984769.5828755,,v1,2,2,4,751,classify,20.0284
1782984900.894456,,v1,2,2,4,753,transcribe,24.9425
1782984900.8950486,,v1,2,2,4,753,segment,0.0
1782984903.1037204,,v1,2,2,4,753,cut,2.2021
1782984920.644649,,v1,2,2,4,753,classify,20.0315
1782985222.9503,,v1,2,2,4,768,transcribe,28.8275
1782985222.9509008,,v1,2,2,4,768,segment,0.0
1782985226.283762,,v1,2,2,4,768,cut,3.4361
1782985226.466971,,v1,2,2,4,769,transcribe,32.5051
1782985226.4674516,,v1,2,2,4,769,segment,0.0
1782985228.635664,,v1,2,2,4,769,cut,2.1629
1782985242.7150395,,v1,2,2,4,768,classify,20.0225
1782985246.187859,,v1,2,2,4,769,classify,20.0305
1782985379.3308697,,v1,2,2,4,772,transcribe,25.5503
1782985379.3353634,,v1,2,2,4,772,segment,0.0
1782985381.5413191,,v1,2,2,4,772,cut,2.2005
1782985399.0453954,,v1,2,2,4,772,classify,20.026
1782985702.1510968,,v1,2,2,4,783,transcribe,29.5385
1782985702.155138,,v1,2,2,4,783,segment,0.0
1782985704.368345,,v1,2,2,4,783,cut,2.2075
1782985721.9171221,,v1,2,2,4,783,classify,20.0297
